Concept	Dutch_Entry	German_Entry	Dutch_Tokens	German_Tokens	Dutch_Sound_Classes	German_Sound_Classes	Cognacy
I	ik	ich	ɪ k	ɪ x	V K	V K	1
account, reckoning	rekening	Rechnung	r eː k ə n ɪ ŋ	r ɛ x n ʊ ŋ	R V K V N V N	R V K N V N	1
air	lucht	Luft	l ʉ x t	l ʊ f t	R V K T	R V P T	1
animal	dier	Tier	d iː r	t iː r	T V R	T V R	1
animal	beest	Tier	b eː s t	t iː r	P V S T	T V R	0
ankle	enkel	Knöchel	ɛ ŋ k ə l	k n œ x ə l	V N K V R	K N V K V R	0
arch	boog	Bogen	b oː x	b oː ɡ ə n	P V K	P V K V N	1
arch	boog	Wölbung	b oː x	v œ l b ʊ ŋ	P V K	W V R P V N	0
armpit	oksel	Achselhöhle	ɔ k s ə l	a k s ə l + h ɶː l ə	V K S V R	V K S V R + H V R V	1
aunt	tante	Tante	t ɑ n t ə	t a n t ə	T V N T V	T V N T V	1
back	rug	rücken	r ʉ x	r ʏ k ə n	R V K	R V K V N	1
bald	kaal	kahl	k aː l	k aː l	K V R	K V R	1
bark	bast	Rinde	b ɑ s t	r ɪ n d ə	P V S T	R V N T V	0
bark	bast	Borke	b ɑ s t	b ɔ r k ə	P V S T	P V R K V	0
barley	gerst	Gerste	x ɛ r s t	ɡ ɛ r s t ə	K V R S T	K V R S T V	1
bean	boon	Bohne	b oː n	b oː n ə	P V N	P V N V	1
beard	baard	Bart	b aː r t	b aː r t	P V R T	P V R T	1
bed	bed	Bett	b ɛ t	b ɛ t	P V T	P V T	1
beech	beuk	Buche	b øː k	b uː x ə	P V K	P V K V	1
beget (of father)	verwekken	zeugen	v ə r + w ɛ k ə	ts ɔy ɡ ə n	W V R + W V K V	K V K V N	0
beggar	bedelaar	Bettler	b eː d ə l aː r	b ɛ t l ə r	P V T V R V R	P V T R V R	1
behind	plaats	Platz	p l aː ts	p l a ts	P R V K	P R V K	1
bend	buigen	beugen	b œy ɣ ə	b ɔy ɡ ə n	P V K V	P V K V N	1
beverage, drink	drank	Getränk	d r ɑ ŋ k	ɡ ə + t r ɛ ŋ k	T R V N K	K V + T R V N K	1
bird	vogel	Vogel	v oː ɣ ə l	f oː ɡ ə l	W V K V R	P V K V R	1
blanket	deken	Decke	d eː k ə	d ɛ k ə	T V K V	T V K V	1
blind	blind	blind	b l ɪ n t	b l ɪ n t	P R V N T	P R V N T	1
blink	knipperen	blinzeln	k n ɪ p ə r ə	b l ɪ n ts ə l n	K N V P V R V	P R V N K V R N	0
blister	blaar	Blase	b l aː r	b l aː z ə	P R V R	P R V S V	0
blood	bloed	Blut	b l uː t	b l uː t	P R V T	P R V T	1
blow	blazen	blasen	b l aː z ə	b l aː z ə n	P R V S V	P R V S V N	1
body	lichaam	Leib	l ɪ x aː m	l ai p	R V K V M	R V P	0
body	lichaam	Körper	l ɪ x aː m	k œ r p ə r	R V K V M	K V R P V R	0
boil (noun)	steenpuist	Furunkel	s t eː m p œy s t	f uː r ʊ ŋ k ə l	S T V M P V S T	P V R V N K V R	0
bone	bot	Knochen	b ɔ t	k n ɔ x ə n	P V T	K N V K V N	0
boot	laars	Stiefel	l aː r s	ʃ t iː f ə l	R V R S	S T V P V R	0
bore	boren	bohren	b oː r ə	b oː r ə n	P V R V	P V R V N	1
bottom	bodem	Boden	b oː d ə m	b oː d ə n	P V T V M	P V T V N	1
bowl	kom	Napf	k ɔ m	n a pf	K V M	N V P	0
bowl	kom	Schale	k ɔ m	ʃ aː l ə	K V M	S V R V	0
boy	jongen	Junge	j ɔ ŋ ə	j ʊ ŋ ə	J V N V	J V N V	1
boy	jongen	Knabe	j ɔ ŋ ə	k n aː b ə	J V N V	K N V P V	0
bracelet	armband	Armband	ɑ r m + b ɑ n t	a r m + b a n t	V R M + P V N T	V R M + P V N T	1
brain	hersenen	Gehirn	h ɛ r s ə n ə	ɡ ə + h ɪ r n	H V R S V N V	K V + H V R N	0
branch	tak	Zweig	t ɑ k	ts v ai k	T V K	K W V K	0
bread	brood	Brot	b r oː t	b r oː t	P R V T	P R V T	1
break	breken	brechen	b r eː k ə	b r ɛ x ə n	P R V K V	P R V K V N	1
breast (of woman)	borst	Brust	b ɔ r s t	b r ʊ s t	P V R S T	P R V S T	1
breathe, breath	ademen	atmen	aː d ə m ə	aː t m ə n	V T V M V	V T M V N	1
brick	baksteen	Backstein	b ɑ k + s t eː n	b a k + ʃ t ai n	P V K + S T V N	P V K + S T V N	1
bridge	brug	Brücke	b r ʉ x	b r ʏ k ə	P R V K	P R V K V	1
bring	brengen	bringen	b r ɛ ŋ ə	b r ɪ ŋ ə n	P R V N V	P R V N V N	1
broken	kapot	gebrochen	k aː p ɔ t	ɡ ə + b r ɔ x ə n	K V P V T	K V + P R V K V N	0
broken	stuk	gebrochen	s t ʉ k	ɡ ə + b r ɔ x ə n	S T V K	K V + P R V K V N	0
bruise	kneuzing	Quetschung	k n øː z ɪ ŋ	k v ɛ tʃ ʊ ŋ	K N V S V N	K W V T V N	0
brush	borstel	Bürste	b ɔ r s t ə l	b ʏ r s t ə	P V R S T V R	P V R S T V	1
build	bouwen	bauen	b ɑu w ə	b au ə n	P V W V	P V V N	1
bull	stier	stier	s t iː r	ʃ t iː r	S T V R	S T V R	1
bull	stier	Bulle	s t iː r	b ʊ l ə	S T V R	P V R V	0
bury (the dead)	begraven	begraben	b ə + ɣ r aː v ə	b ə + ɡ r aː b ə n	P V + K R V W V	P V + K R V P V N	1
bury (the dead)	begraven	beerdigen	b ə + ɣ r aː v ə	b ə + eː r d ɪ ɡ ə n	P V + K R V W V	P V + V R T V K V N	0
butter	boter	Butter	b oː t ə r	b ʊ t ə r	P V T V R	P V T V R	1
butterfly	vlinder	Schmetterling	v l ɪ n d ə r	ʃ m ɛ t ə r l ɪ ŋ	W R V N T V R	S M V T V R R V N	0
buttocks	billen	Gesäß	b ɪ l ə	ɡ ə + z ɛː s	P V R V	K V + S V S	0
button	knoop	Knopf	k n oː p	k n ɔ pf	K N V P	K N V P	1
buy	kopen	kaufen	k oː p ə	k au f ə n	K V P V	K V P V N	1
calf	kalf	Kalb	k ɑ l f	k a l p	K V R P	K V R P	1
calf of leg	kuit	Wade	k œy t	v aː d ə	K V T	W V T V	0
calm (of sea)	kalm	Meeresstille	k ɑ l m	m eː r ə s + ʃ t ɪ l ə	K V R M	M V R V S + S T V R V	0
calm (of sea)	rustig	Meeresstille	r ʉ s t ə x	m eː r ə s + ʃ t ɪ l ə	R V S T V K	M V R V S + S T V R V	0
candle	kaars	Kerze	k aː r s	k eː r ts ə	K V R S	K V R K V	1
carpenter	timmerman	Zimmermann	t ɪ m ə r + m ɑ n	ts ɪ m ə r + m a n	T V M V R + M V N	K V M V R + M V N	1
carry (bear)	dragen	tragen	d r aː ɣ ə	t r aː ɡ ə n	T R V K V	T R V K V N	1
carve	kerven	meißeln	k ɛ r v ə	m ai s ə l n	K V R W V	M V S V R N	0
cast (metals)	gieten	gießen	x iː t ə	ɡ iː s ə n	K V T V	K V S V N	1
catch (ball)	vangen	fangen	v ɑ ŋ ə	f a ŋ ə n	W V N V	P V N V N	1
cattle (bovine)	rund	Rindvieh	r ʉ n t	r ɪ n t + f iː	R V N T	R V N T + P V	1
chair	stoel	Stuhl	s t uː l	ʃ t uː l	S T V R	S T V R	1
change	veranderen	verändern	v ə r + ɑ n d ə r ə	f ɛ r + ɛ n d ə r n	W V R + V N T V R V	P V R + V N T V R N	1
cheek	wang	Wange	w ɑ ŋ	v a ŋ ə	W V N	W V N V	1
chest	borst	Brust	b ɔ r s t	b r ʊ s t	P V R S T	P R V S T	1
chew	kauwen	kauen	k ɑu w ə	k au ə n	K V W V	K V V N	1
chicken	kuiken	Huhn	k œy k ə	h uː n	K V K V	H V N	0
chicken	kuiken	Hühnchen	k œy k ə	h yː n + x ə n	K V K V	H V N + K V N	0
child	kind	Kind	k ɪ n t	k ɪ n t	K V N T	K V N T	1
chimney	schoorsteen	Schornstein	s x oː r + s t eː n	ʃ ɔ r n + ʃ t ai n	S K V R + S T V N	S V R N + S T V N	1
chimney	schoorsteen	Kamin	s x oː r + s t eː n	k a m iː n	S K V R + S T V N	K V M V N	0
chisel	beitel	Meißel	b ɛɪ t ə l	m ai s ə l	P V T V R	M V S V R	0
chop, hew	hakken	zerhacken	h ɑ k ə	ts ɛ r + h a k ə n	H V K V	K V R + H V K V N	1
claw	klauw	Klaue	k l ɑu w	k l au ə	K R V W	K R V V	1
claw	klauw	Kralle	k l ɑu w	k r a l ə	K R V W	K R V R V	0
clay	klei	Ton	k l ɛɪ	t oː n	K R V	T V N	0
clay	klei	Lehm	k l ɛɪ	l eː m	K R V	R V M	0
cliff, precipice	klif	Klippe	k l ɪ f	k l ɪ p ə	K R V P	K R V P V	1
climb	klimmen	klettern	k l ɪ m ə	k l ɛ t ə r n	K R V M V	K R V T V R N	0
cloth	stof	Stoff	s t ɔ f	ʃ t ɔ f	S T V P	S T V P	1
clothing, clothes	kleding	Kleidung	k l eː d ɪ ŋ	k l ai d ʊ ŋ	K R V T V N	K R V T V N	1
cloud	wolk	Wolke	w ɔ l k	v ɔ l k ə	W V R K	W V R K V	1
cold (catarrh)	verkoudheid	Erkältung	v ə r + k ɑu t + h ɛɪ t	ɛ r + k ɛ l t + ʊ ŋ	W V R + K V T + H V T	V R + K V R T + V N	1
collar	kraag	Kragen	k r aː x	k r aː ɡ ə n	K R V K	K R V K V N	1
collarbone	sleutelbeen	Schlüsselbein	s l øː t ə l + b eː n	ʃ l ʏ s ə l + b ai n	S R V T V R + P V N	S R V S V R + P V N	1
collect, gather	verzamelen	sammeln	v ə r + z aː m ə l ə	z a m ə l n	W V R + S V M V R V	S V M V R N	1
comb	kam	Kamm	k ɑ m	k a m	K V M	K V M	1
come back	terugkomen	zurückkommen	t ə r ʉ x + k oː m ə	ts uː r ʏ k + k ɔ m ə n	T V R V K + K V M V	K V R V K + K V M V N	1
copper, bronze	koper	Bronze	k oː p ə r	b r ɔ̃ː s ə	K V P V R	P R V S V	0
corpse	lijk	Leichnam	l ɛɪ k	l ai x + n aː m	R V K	R V K + N V M	1
corpse	lijk	Leiche	l ɛɪ k	l ai x ə	R V K	R V K V	1
cough	hoesten	husten	h uː s t ə	h ʊ s t ə n	H V S T V	H V S T V N	1
count	tellen	zählen	t ɛ l ə	ts ɛː l ə n	T V R V	K V R V N	1
cousin	neef	Vetter	n eː f	f ɛ t ə r	N V P	P V T V R	0
cousin	neef	Kusine	n eː f	k uː z iː n ə	N V P	K V S V N V	0
cousin	nicht	Vetter	n ɪ x t	f ɛ t ə r	N V K T	P V T V R	0
cousin	nicht	Kusine	n ɪ x t	k uː z iː n ə	N V K T	K V S V N V	0
cow	koe	Kuh	k uː	k uː	K V	K V	0
creep, crawl	kruipen	schleichen	k r œy p ə	ʃ l ai x ə n	K R V P V	S R V K V N	0
crop, harvest	oogst	Ernte	oː x s t	ɛ r n t ə	V K S T	V R N T V	0
crow	kraai	Krähe	k r aː j	k r ɛː ə	K R V J	K R V V	1
crush, grind	malen	mahlen	m aː l ə	m aː l ə n	M V R V	M V R V N	1
crush, grind	fijnmalen	mahlen	f ɛɪ n + m aː l ə	m aː l ə n	P V N + M V R V	M V R V N	1
cultivate, till	ontginnen	bebauen	ɔ n t + x ɪ n ə	b ə + b au ə n	V N T + K V N V	P V + P V V N	0
cultivate, till	ontginnen	ackern	ɔ n t + x ɪ n ə	a k ə r n	V N T + K V N V	V K V R N	0
cup, drinking vessel	kop	Tasse	k ɔ p	t a s ə	K V P	T V S V	0
cure, heal	genezen	heilen	x ə + n eː z ə	h ai l ə n	K V + N V S V	H V R V N	0
cut	doorsnijden	schneiden	d oː r + s n ɛɪ d ə	ʃ n ai d ə n	T V R + S N V T V	S N V T V N	1
dance	dansen	tanzen	d ɑ n s ə	t a n ts ə n	T V N S V	T V N K V N	1
dandruff	roos	schuppen	r oː s	ʃ ʊ p ə n	R V S	S V P V N	0
darkness	duisternis	Finsternis	d œy s t ə r + n ɪ s	f ɪ n s t ə r + n ɪ s	T V S T V R + N V S	P V N S T V R + N V S	0
darkness	duisternis	Dunkelheit	d œy s t ə r + n ɪ s	d ʊ ŋ k ə l + h ai t	T V S T V R + N V S	T V N K V R + H V T	0
daughter-in-law (of a man)	schoondochter	Schwiegertochter	s x oː n + d ɔ x t ə r	ʃ v iː ɡ ə r + t ɔ x t ə r	S K V N + T V K T V R	S W V K V R + T V K T V R	1
deaf	doof	taub	d oː f	t au p	T V P	T V P	1
dear (costly, expensive)	duur	teuer	d yː r	t ɔy ə r	T V R	T V V R	1
debt	schuld	Schuld	s x ʉ l t	ʃ ʊ l t	S K V R T	S V R T	1
deep	diep	tief	d iː p	t iː f	T V P	T V P	1
deer	hert	Reh	h ɛ r t	r eː	H V R T	R V	0
destroy	vernietigen	zerstören	v ə r + n iː t ə ɣ ə	ts ɛ r + ʃ t ɶː r ə n	W V R + N V T V K V	K V R + S T V R V N	0
destroy	vernietigen	vernichten	v ə r + n iː t ə ɣ ə	f ɛ r n ɪ x t ə n	W V R + N V T V K V	P V R N V K T V N	1
dew	dauw	Tau	d ɑu w	t au	T V W	T V	1
die, dead	sterven	sterben	s t ɛ r v ə	ʃ t ɛ r b ə n	S T V R W V	S T V R P V N	1
die, dead	sterven	tot	s t ɛ r v ə	t oː t	S T V R W V	T V T	0
dig	graven	graben	x r aː v ə	ɡ r aː b ə n	K R V W V	K R V P V N	1
dinner	diner	Abendessen	d iː n eː	aː b ə n t + ɛ s ə n	T V N V	V P V N T + V S V N	0
dinner	avondeten	Abendessen	aː v ɔ n d + eː t ə	aː b ə n t + ɛ s ə n	V W V N T + V T V	V P V N T + V S V N	1
ditch	sloot	graben	s l oː t	ɡ r aː b ə n	S R V T	K R V P V N	0
divide	verdelen	teilen	v ə r + d eː l ə	t ai l ə n	W V R + T V R V	T V R V N	1
divorce	scheiding	Ehescheidung	s x ɛɪ d ɪ ŋ	eː ə + ʃ ai d ʊ ŋ	S K V T V N	V V + S V T V N	1
divorce	scheiding	Scheidung	s x ɛɪ d ɪ ŋ	ʃ ai d ʊ ŋ	S K V T V N	S V T V N	1
do, make	doen	tun	d uː n	t uː n	T V N	T V N	1
do, make	doen	machen	d uː n	m a x ə n	T V N	M V K V N	0
dog	hond	Hund	h ɔ n t	h ʊ n t	H V N T	H V N T	1
door, gate	deur	Tor	d øː r	t oː r	T V R	T V R	1
dough	deeg	Teig	d eː x	t ai k	T V K	T V K	1
dove	duif	Taube	d œy f	t au b ə	T V P	T V P V	1
dream	dromen	träumen	d r oː m ə	t r ɔy m ə n	T R V M V	T R V M V N	1
drink	drinken	trinken	d r ɪ ŋ k ə	t r ɪ ŋ k ə n	T R V N K V	T R V N K V N	1
drip	druppelen	tropfen	d r ʉ p ə l ə	t r ɔ pf ə n	T R V P V R V	T R V P V N	1
dwell, live	wonen	wohnen	w oː n ə	v oː n ə n	W V N V	W V N V N	1
dye	verven	färben	v ɛ r v ə	f ɛ r b ə n	W V R W V	P V R P V N	1
eagle	adelaar	Adler	aː d ə l aː r	aː d l ə r	V T V R V R	V T R V R	1
earn	verdienen	verdienen	v ə r + d iː n ə	f ɛ r + d iː n ə n	W V R + T V N V	P V R + T V N V N	1
earth, land	land	Erde	l ɑ n t	eː r d ə	R V N T	V R T V	0
earth, land	land	Land	l ɑ n t	l a n t	R V N T	R V N T	1
earth=ground, soil	bodem	Erde	b oː d ə m	eː r d ə	P V T V M	V R T V	0
earth=ground, soil	bodem	Boden	b oː d ə m	b oː d ə n	P V T V M	P V T V N	1
earthquake	aardbeving	Erdbeben	aː r d + b eː v ɪ ŋ	eː r t + b eː b ə n	V R T + P V W V N	V R T + P V P V N	1
eat	eten	essen	eː t ə	ɛ s ə n	V T V	V S V N	1
eat	eten	speisen	eː t ə	ʃ p ai z ə n	V T V	S P V S V N	0
elbow	elleboog	Ellenbogen	ɛ l ə + b oː x	ɛ l ə n + b oː ɡ ə n	V R V + P V K	V R V N + P V K V N	1
every, all	alle	alle	ɑ l ə	a l ə	V R V	V R V	1
extinguish	doven	auslöschen	d oː v ə	au s + l ɶː ʃ ə n	T V W V	V S + R V S V N	0
eyebrow	wenkbrauw	Augenbraue	w ɛ ŋ ɡ + b r ɑu w	au ɡ ə n + b r au ə	W V N K + P R V W	V K V N + P R V V	1
eyelid	ooglid	Augenlid	oː ɣ + l ɪ t	au ɡ ə n + l iː t	V K + R V T	V K V N + R V T	1
eyelid	ooglid	Lid	oː ɣ + l ɪ t	l iː t	V K + R V T	R V T	1
face	gezicht	Gesicht	x ə + z ɪ x t	g e + z ɪ x t	K V + S V K T	K V + S V K T	1
fall	vallen	fallen	v ɑ l ə	f a l ə n	W V R V	P V R V N	1
family	gezin	Familie	x ə z ɪ n	f a m iː l iː ə	K V S V N	P V M V R V V	0
famine	hongersnood	Hungersnot	h ɔ ŋ ə r s + n oː t	h ʊ ŋ ə r s + n oː t	H V N V R S + N V T	H V N V R S + N V T	1
fan (noun)	waaier	Fächer	w aː j ə r	f ɛ x ə r	W V J V R	P V K V R	0
far (adv)	ver	fern	v ɛ r	f ɛ r n	W V R	P V R N	1
farmer	boer	Bauer	b uː r	b au ə r	P V R	P V V R	1
father	vader	Vater	v aː d ə r	f aː t ə r	W V T V R	P V T V R	1
father-in-law (of a man)	schoonvader	Schwiegervater	s x oː n + v aː d ə r	ʃ v iː ɡ ə r + f aː t ə r	S K V N + W V T V R	S W V K V R + P V T V R	1
felt	vilt	Filz	v ɪ l t	f ɪ l ts	W V R T	P V R K	1
female	vrouwelijk	weiblich	v r ɑu w ə + l ə k	v ai p + l ɪ x	W R V W V + R V K	W V P + R V K	0
fence	hek	Zaun	h ɛ k	ts au n	H V K	K V N	0
fence	hek	Gehege	h ɛ k	ɡ ə + h eː ɡ ə	H V K	K V + H V K V	1
field (for cultivation)	veld	Feld	v ɛ l t	f ɛ l t	W V R T	P V R T	1
fig	vijg	feige	v ɛɪ x	f ai ɡ ə	W V K	P V K V	1
fin (dorsal)	vin	Finne	v ɪ n	f ɪ n ə	W V N	P V N V	1
find	vinden	finden	v ɪ n d ə	f ɪ n d ə n	W V N T V	P V N T V N	1
finger	vinger	Finger	v ɪ ŋ ə r	f ɪ ŋ ə r	W V N V R	P V N V R	1
fir	spar	Tanne	s p ɑ r	t a n ə	S P V R	T V N V	0
fire	vuur	Feuer	v yː r	f ɔy ə r	W V R	P V V R	1
fireplace	haard	Herd	h aː r t	h eː r t	H V R T	H V R T	1
firewood	brandhout	Brennholz	b r ɑ n t + h ɑu t	b r ɛ n + h ɔ l ts	P R V N T + H V T	P R V N + H V R K	1
first	eerste	erste	eː r s t ə	eː r s t ə	V R S T V	V R S T V	1
fish	vis	Fisch	v ɪ s	f ɪ ʃ	W V S	P V S	1
fishscale	schub	Schuppe	s x ʉ p	ʃ ʊ p ə	S K V P	S V P V	1
flat	plat	flach	p l ɑ t	f l a x	P R V T	P R V K	0
flat	plat	platt	p l ɑ t	p l a t	P R V T	P R V T	1
flat	vlak	flach	v l ɑ k	f l a x	W R V K	P R V K	1
flat	vlak	platt	v l ɑ k	p l a t	W R V K	P R V T	0
flay, skin	villen	häuten	v ɪ l ə	h ɔy t ə n	W V R V	H V T V N	0
flea	vlo	Floh	v l oː	f l oː	W R V	P R V	1
flesh	vlees	Fleisch	v l eː s	f l ai ʃ	W R V S	P R V S	1
floor	vloer	Fußboden	v l uː r	f uː s + b oː d ə n	W R V R	P V S + P V T V N	0
floor	vloer	Diele	v l uː r	d iː l ə	W R V R	T V R V	0
flow	stromen	fliessen	s t r oː m ə	f l iː s ə n	S T R V M V	P R V S V N	0
fly	vlieg	Fliege	v l iː x	f l iː ɡ ə	W R V K	P R V K V	1
fly (vb)	vliegen	fliegen	v l iː ɣ ə	f l iː ɡ ə n	W R V K V	P R V K V N	1
foal, colt	veulen	Füllen	v øː l ə	f ʏ l ə n	W V R V	P V R V N	1
foam	schuim	Schaum	s x œy m	ʃ au m	S K V M	S V M	1
fog	mist	Nebel	m ɪ s t	n eː b ə l	M V S T	N V P V R	0
fold	vouwen	falten	v ɑu w ə	f a l t ə n	W V W V	P V R T V N	0
follow	volgen	folgen	v ɔ l ɣ ə	f ɔ l ɡ ə n	W V R K V	P V R K V N	1
food	voedsel	Essen	v uː ts ə l	ɛ s ə n	W V K V R	V S V N	0
food	voedsel	Nahrung	v uː ts ə l	n aː r ʊ ŋ	W V K V R	N V R V N	0
foot	voet	Fuß	v uː t	f uː s	W V T	P V S	1
forge	smeden	schmieden	s m eː d ə	ʃ m iː d ə n	S M V T V	S M V T V N	1
fork	mestvork	Gabel	m ɛ s t + f ɔ r k	ɡ aː b ə l	M V S T + P V R K	K V P V R	0
fork (2)	vork	Gabel	v ɔ r k	ɡ aː b ə l	W V R K	K V P V R	0
fowl	kip	Geflügel	k ɪ p	ɡ ə + f l yː ɡ ə l	K V P	K V + P R V K V R	0
fowl	pluimvee	Geflügel	p l œy m v eː	ɡ ə + f l yː ɡ ə l	P R V M W V	K V + P R V K V R	0
fox	vos	Fuchs	v ɔ s	f ʊ k s	W V S	P V K S	1
frog	kikker	Frosch	k ɪ k ə r	f r ɔ ʃ	K V K V R	P R V S	0
front	rechts	recht	r ɛ x ts	r ɛ x t	R V K K	R V K T	1
full	vol	voll	v ɔ l	f ɔ l	W V R	P V R	1
furrow	vore	Furche	v oː r ə	f ʊ r x ə	W V R V	P V R K V	1
garden	tuin	Garten	t œy n	ɡ aː r t ə n	T V N	K V R T V N	0
get, obtain	krijgen	kriegen	k r ɛɪ ɣ ə	k r iː ɡ ə n	K R V K V	K R V K V N	1
girl	meisje	Mädchen	m ɛɪ s j ə	m ɛː t x ə n	M V S J V	M V T K V N	1
give	geven	geben	x eː v ə	ɡ eː b ə n	K V W V	K V P V N	1
give back	teruggeven	zurückgeben	t ə r ʉ + ɣ eː v ə	ts uː r ʏ k + ɡ eː b ə n	T V R V + K V W V	K V R V K + K V P V N	1
glass	glas	Glas	x l ɑ s	ɡ l aː s	K R V S	K R V S	1
glue	lijm	Leim	l ɛɪ m	l ai m	R V M	R V M	1
glue	lijm	Klebstoff	l ɛɪ m	k l eː p + ʃ t ɔ f	R V M	K R V P + S T V P	0
go	gaan	fahren	x aː n	f aː r ə n	K V N	P V R V N	0
go away, depart	weggaan	weggehen	w ɛ + ɣ aː n	v ɛ k + ɡ eː ə n	W V + K V N	W V K + K V V N	1
go out	weggaan	ausgehen	w ɛ + ɣ aː n	au s + ɡ eː ə n	W V + K V N	V S + K V V N	1
goiter	krop	Kropf	k r ɔ p	k r ɔ pf	K R V P	K R V P	1
gold	goud	Gold	x ɑu t	ɡ ɔ l t	K V T	K V R T	1
goose	gans	Gans	x ɑ n s	ɡ a n s	K V N S	K V N S	1
grain (barley, oats etc)	graan	Getreide	x r aː n	ɡ ə + t r ai d ə	K R V N	K V + T R V T V	0
granddaughter	kleindochter	Enkelin	k l ɛɪ n + d ɔ x t ə r	ɛ ŋ k ə l ɪ n	K R V N + T V K T V R	V N K V R V N	0
grandfather	grootvader	Großvater	x r oː t + f aː d ə r	ɡ r oː s + f aː t ə r	K R V T + P V T V R	K R V S + P V T V R	1
grandmother	grootmoeder	Großmutter	x r oː t + m uː d ə r	ɡ r oː s + m ʊ t ə r	K R V T + M V T V R	K R V S + M V T V R	1
grandson	kleinzoon	Enkel	k l ɛɪ n + z oː n	ɛ ŋ k ə l	K R V N + S V N	V N K V R	0
grass	gras	Gras	x r ɑ s	ɡ r aː s	K R V S	K R V S	1
grave, tomb	graf	Grab	x r ɑ f	ɡ r aː p	K R V P	K R V P	1
grease, fat	vet	fett	v ɛ t	f ɛ t	W V T	P V T	1
gulf, bay	baai	Meerbusen	b aː j	m eː r + b uː z ə n	P V J	M V R + P V S V N	0
gulf, bay	baai	Golf	b aː j	ɡ ɔ l f	P V J	K V R P	0
gulf, bay	baai	Bucht	b aː j	b ʊ x t	P V J	P V K T	0
hair (head)	haar	Haar	h aː r	h aː r	H V R	H V R	1
half	helft	Hälfte	h ɛ l f t	h ɛ l f t ə	H V R P T	H V R P T V	1
hammer	hamer	Hammer	h aː m ə r	h a m ə r	H V M V R	H V M V R	1
hand	hand	Hand	h ɑ n t	h a n t	H V N T	H V N T	1
hang up	ophangen	aufhängen	ɔ p + h ɑ ŋ ə	au f + h ɛ ŋ ə n	V P + H V N V	V P + H V N V N	1
hat, cap	hoed	Hut	h uː t	h uː t	H V T	H V T	1
hat, cap	hoed	Mütze	h uː t	m ʏ ts ə	H V T	M V K V	0
hat, cap	muts	Hut	m ʉ ts	h uː t	M V K	H V T	0
hat, cap	muts	Mütze	m ʉ ts	m ʏ ts ə	M V K	M V K V	1
have	hebben	haben	h ɛ b ə	h aː b ə n	H V P V	H V P V N	1
hawk	havik	Habicht	h aː v ɪ k	h aː b ɪ x t	H V W V K	H V P V K T	1
hay	hooi	Heu	h oː j	h ɔy	H V J	H V	1
he-goat	bok	Bock	b ɔ k	b ɔ k	P V K	P V K	1
head	hoofd	Kopf	h oː f t	k ɔ pf	H V P T	K V P	0
head	hoofd	Haupt	h oː f t	h au p t	H V P T	H V P T	1
headland, point	kaap	Landzunge	k aː p	l a n t + ts ʊ ŋ ə	K V P	R V N T + K V N V	0
heart	hart	Herz	h ɑ r t	h ɛ r ts	H V R T	H V R K	1
heel	hiel	Ferse	h iː l	f ɛ r z ə	H V R	P V R S V	0
heel	hiel	Hacke	h iː l	h a k ə	H V R	H V K V	0
hen	hen	Huhn	h ɛ n	h uː n	H V N	H V N	1
heron	reiger	Reiher	r ɛɪ ɣ ə r	r ai ə r	R V K V R	R V V R	1
high	hoog	hoch	h oː x	h oː x	H V K	H V K	1
hip	heup	Hüfte	h øː p	h ʏ f t ə	H V P	H V P T V	1
hire	aanstellen	anstellen	aː n + s t ɛ l ə	a n + ʃ t ɛ l ə n	V N + S T V R V	V N + S T V R V N	1
hoe	schoffel	Hacke	s x ɔ f ə l	h a k ə	S K V P V R	H V K V	0
hold	vasthouden	halten	v ɑ s t + h ɑu d ə	h a l t ə n	W V S T + H V T V	H V R T V N	1
hole	gat	Loch	x ɑ t	l ɔ x	K V T	R V K	0
hollow out	uithollen	aushöhlen	œy t + h ɔ l ə	au s + h ɶː l ə n	V T + H V R V	V S + H V R V N	1
honey	honing	Honig	h oː n ɪ ŋ	h oː n ɪ x	H V N V N	H V N V K	1
hook	haak	haken	h aː k	h aː k ə n	H V K	H V K V N	1
horn	hoorn	Horn	h oː r n	h ɔ r n	H V R N	H V R N	1
horse (equine)	paard	Pferd	p aː r t	pf eː r t	P V R T	P V R T	1
horse (equine)	paard	Ross	p aː r t	r ɔ s	P V R T	R V S	0
horse (equine)	paard	Gaul	p aː r t	ɡ au l	P V R T	K V R	0
hundred	honderd	hundert	h ɔ n d ə r t	h ʊ n d ə r t	H V N T V R T	H V N T V R T	1
husband	echtgenoot	Mann	ɛ x t + x ə n oː t	m a n	V K T + K V N V T	M V N	0
husband	man	Mann	m ɑ n	m a n	M V N	M V N	1
infant, baby	baby	Säugling	b eː b iː	z ɔy k + l ɪ ŋ	P V P V	S V K + R V N	0
infant, baby	baby	Baby	b eː b iː	b eː b iː	P V P V	P V P V	1
intoxicated	dronken	betrunken	d r ɔ ŋ k ə	b ə + t r ʊ ŋ k ə n	T R V N K V	P V + T R V N K V N	1
iron	ijzer	eisen	ɛɪ z ə r	ai z ə n	V S V R	V S V N	1
itch	jeuk	jucken	j øː k	j ʊ k ə n	J V K	J V K V N	1
jaw	kaak	Kiefer	k aː k	k iː f ə r	K V K	K V P V R	0
join, unite	verbinden	verbinden	v ə r + b ɪ n d ə	f ɛ r + b ɪ n d ə n	W V R + P V N T V	P V R + P V N T V N	1
jump, leap	springen	springen	s p r ɪ ŋ ə	ʃ p r ɪ ŋ ə n	S P R V N V	S P R V N V N	1
keep, retain	houden	behalten	h ɑu d ə	b ə + h a l t ə n	H V T V	P V + H V R T V N	1
kettle	ketel	Kessel	k eː t ə l	k ɛ s ə l	K V T V R	K V S V R	1
kidney	nier	Niere	n iː r	n iː r ə	N V R	N V R V	1
kill	doden	töten	d oː d ə	t ɶː t ə n	T V T V	T V T V N	1
kill	doden	erschlagen	d oː d ə	ɛ r + ʃ l aː ɡ ə n	T V T V	V R + S R V K V N	0
kill	doden	umbringen	d oː d ə	ʊ m + b r ɪ ŋ ə n	T V T V	V M + P R V N V N	0
knead	kneden	kneten	k n eː d ə	k n eː t ə n	K N V T V	K N V T V N	1
knee	knie	Knie	k n iː	k n iː	K N V	K N V	1
ladder	ladder	Leiter	l ɑ d ə r	l ai t ə r	R V T V R	R V T V R	1
lagoon	lagune	Lagune	l aː ɣ yː n ə	l a ɡ uː n ə	R V K V N V	R V K V N V	1
lake	meer	See	m eː r	z eː	M V R	S V	0
lame	lam	lahm	l ɑ m	l aː m	R V M	R V M	1
lamp, torch	lamp	Lampe	l ɑ m p	l a m p ə	R V M P	R V M P V	1
latch, door-bolt	klink	Klinke	k l ɪ ŋ k	k l ɪ ŋ k ə	K R V N K	K R V N K V	1
lazy	lui	faul	l œy	f au l	R V	P V R	0
lazy	lui	lässig	l œy	l ɛ s ɪ x	R V	R V S V K	0
lead (vb)	leiden	führen	l ɛɪ d ə	f yː r ə n	R V T V	P V R V N	0
lead (vb)	leiden	leiten	l ɛɪ d ə	l ai t ə n	R V T V	R V T V N	1
leaf	blad	Blatt	b l ɑ t	b l a t	P R V T	P R V T	1
leaf	blad	Laub	b l ɑ t	l au p	P R V T	R V P	0
leather	leer	Leder	l eː r	l eː d ə r	R V R	R V T V R	1
leg	been	Bein	b eː n	b ai n	P V N	P V N	1
lick	likken	lecken	l ɪ k ə	l ɛ k ə n	R V K V	R V K V N	1
light (noun)	licht	licht	l ɪ x t	l ɪ x t	R V K T	R V K T	1
light (noun)	licht	Beleuchtung	l ɪ x t	b ə + l ɔy x + t ʊ ŋ	R V K T	P V + R V K + T V N	0
light, kindle, ignite	aansteken	anzünden	aː n + s t eː k ə	a n + ts ʏ n d ə n	V N + S T V K V	V N + K V N T V N	0
light, kindle, ignite	aansteken	anstecken	aː n + s t eː k ə	a n + ʃ t ɛ k ə n	V N + S T V K V	V N + S T V K V N	1
lightning	bliksem	Blitz	b l ɪ k s ə m	b l ɪ ts	P R V K S V M	P R V K	1
limp	hinken	hinken	h ɪ ŋ k ə	h ɪ ŋ k ə n	H V N K V	H V N K V N	1
line	lijn	Strich	l ɛɪ n	ʃ t r ɪ x	R V N	S T R V K	0
linen, flax	linnen	leinen	l ɪ n ə	l ai n ə n	R V N V	R V N V N	1
linen, flax	linnen	Flachs	l ɪ n ə	f l a k s	R V N V	P R V K S	0
lip	lip	Lippe	l ɪ p	l ɪ p ə	R V P	R V P V	1
little (quantity), few	weinig	wenig	w ɛɪ n ə x	v eː n ɪ x	W V N V K	W V N V K	1
live, living, life	leven	leben	l eː v ə	l eː b ə n	R V W V	R V P V N	1
liver	lever	Leber	l eː v ə r	l eː b ə r	R V W V R	R V P V R	1
livestock	vee	Vieh	v eː	v iː	W V	W V	1
lock (noun)	slot	Schloss	s l ɔ t	ʃ l ɔ s	S R V T	S R V S	1
long	lang	lang	l ɑ ŋ	l a ŋ	R V N	R V N	1
lose	verliezen	verlieren	v ə r + l iː z ə	f ɛ r + l iː r ə n	W V R + R V S V	P V R + R V R V N	1
louse	luis	Laus	l œy s	l au s	R V S	R V S	1
louse	hoofdluis	Laus	h oː v d + l œy s	l au s	H V W T + R V S	R V S	1
low	laag	niedrig	l aː x	n iː d r ɪ x	R V K	N V T R V K	0
lunch	lunch	Mittagessen	l ʉ n ʃ	m ɪ t aː k + ɛ s ə n	R V N S	M V T V K + V S V N	0
lunch	middageten	Mittagessen	m ɪ d ɑ ɣ + eː t ə	m ɪ t aː k + ɛ s ə n	M V T V K + V T V	M V T V K + V S V N	1
lung	long	Lunge	l ɔ ŋ	l ʊ ŋ ə	R V N	R V N V	1
mainland	vasteland	Festland	v ɑ s t ə + l ɑ n t	f ɛ s t + l a n t	W V S T V + R V N T	P V S T + R V N T	1
male	mannelijk	männlich	m ɑ n ə + l ə k	m ɛ n + l ɪ x	M V N V + R V K	M V N + R V K	1
man (vs. woman)	man	Mann	m ɑ n	m a n	M V N	M V N	1
mare	merrie	Stute	m ɛ r iː	ʃ t uː t ə	M V R V	S T V T V	0
mare	merrie	Mähre	m ɛ r iː	m ɛː r ə	M V R V	M V R V	1
marriage, wedding	bruiloft	Ehe	b r œy l ɔ f t	eː ə	P R V R V P T	V V	0
marriage, wedding	bruiloft	Hochzeit	b r œy l ɔ f t	h ɔ x + ts ai t	P R V R V P T	H V K + K V T	0
marry	trouwen	heiraten	t r ɑu w ə	h ai r aː t ə n	T R V W V	H V R V T V N	0
mason	metselaar	Maurer	m ɛ ts ə l aː r	m au r ə r	M V K V R V R	M V R V R	0
mast	mast	Mast	m ɑ s t	m a s t	M V S T	M V S T	1
match (noun)	lucifer	Streichholz	l yː s iː f ɛ r	ʃ t r ai x + h ɔ l ts	R V S V P V R	S T R V K + H V R K	0
match (noun)	lucifer	Zündholz	l yː s iː f ɛ r	ts ʏ n t + h ɔ l ts	R V S V P V R	K V N T + H V R K	0
meal (a)	maaltijd	Mahlzeit	m aː l + t ɛɪ t	m aː l ts ai t	M V R + T V T	M V R K V T	1
meal (a)	maaltijd	Mahl	m aː l + t ɛɪ t	m aː l	M V R + T V T	M V R	1
meat	vlees	Fleisch	v l eː s	f l ai ʃ	W R V S	P R V S	1
medicine, drug	medicijn	Arznei	m eː d iː s ɛɪ n	aː r ts + n ai	M V T V S V N	V R K + N V	0
medicine, drug	medicijn	Heilmittel	m eː d iː s ɛɪ n	h ai l + m ɪ t ə l	M V T V S V N	H V R + M V T V R	0
middle, center	midden	Mitte	m ɪ d ə	m ɪ t ə	M V T V	M V T V	1
middle, center	midden	Zentrum	m ɪ d ə	ts ɛ n t r ʊ m	M V T V	K V N T R V M	0
milk (noun)	melk	Milch	m ɛ l k	m ɪ l x	M V R K	M V R K	1
moon	maan	Mond	m aː n	m oː n t	M V N	M V N T	1
more	meer	mehr	m eː r	m eː r	M V R	M V R	1
mosquito	muskiet	Stechmücke	m ʉ s k iː t	ʃ t ɛ x + m ʏ k ə	M V S K V T	S T V K + M V K V	0
mosquito	muskiet	Moskito	m ʉ s k iː t	m ɔ s k iː t oː	M V S K V T	M V S K V T V	1
mother	moeder	Mutter	m uː d ə r	m ʊ t ə r	M V T V R	M V T V R	1
mother-in-law (of a man)	schoonmoeder	Schwiegermutter	s x oː n + m uː d ə r	ʃ v iː ɡ ə r + m ʊ t ə r	S K V N + M V T V R	S W V K V R + M V T V R	1
mountain, hill	berg	Berg	b ɛ r x	b ɛ r k	P V R K	P V R K	1
mountain, hill	berg	Hügel	b ɛ r x	h yː ɡ ə l	P V R K	H V K V R	0
mountain, hill	heuvel	Berg	h øː v ə l	b ɛ r k	H V W V R	P V R K	0
mountain, hill	heuvel	Hügel	h øː v ə l	h yː ɡ ə l	H V W V R	H V K V R	1
mouse, rat	muis	Maus	m œy s	m au s	M V S	M V S	1
mouse, rat	rat	Maus	r ɑ t	m au s	R V T	M V S	0
mouth	mond	Mund	m ɔ n t	m ʊ n t	M V N T	M V N T	1
much, many	veel	viel	v eː l	f iː l	W V R	P V R	1
mucus (nasal)	snot	Schleim	s n ɔ t	ʃ l ai m	S N V T	S R V M	0
mud	modder	Schlamm	m ɔ d ə r	ʃ l a m	M V T V R	S R V M	0
mud	modder	Dreck	m ɔ d ə r	d r ɛ k	M V T V R	T R V K	0
mule	muilezel	Maultier	m œy l + eː z ə l	m au l + t iː r	M V R + V S V R	M V R + T V R	1
mule	muilezel	Maulesel	m œy l + eː z ə l	m au l + eː z ə l	M V R + V S V R	M V R + V S V R	1
mule	muildier	Maultier	m œy l + d iː r	m au l + t iː r	M V R + T V R	M V R + T V R	1
mule	muildier	Maulesel	m œy l + d iː r	m au l + eː z ə l	M V R + T V R	M V R + V S V R	1
multitude, crowd	menigte	Menge	m eː n ə x t ə	m ɛ ŋ ə	M V N V K T V	M V N V	1
nail	nagel	Nagel	n aː ɣ ə l	n aː ɡ ə l	N V K V R	N V K V R	1
nail	spijker	Nagel	s p ɛɪ k ə r	n aː ɡ ə l	S P V K V R	N V K V R	0
naked, bare	naakt	nackt	n aː k t	n a k t	N V K T	N V K T	1
nape of neck	nek	Nacken	n ɛ k	n a k ə n	N V K	N V K V N	1
nape of neck	nek	Genick	n ɛ k	ɡ ə + n iː k	N V K	K V + N V K	1
narrow	nauw	schmal	n ɑu w	ʃ m aː l	N V W	S M V R	0
navel	navel	Nabel	n aː v ə l	n aː b ə l	N V W V R	N V P V R	1
near (adv)	dichtbij	nahe	d ɪ ɣ d + b ɛɪ	n aː ə	T V K T + P V	N V V	0
near (adv)	dichtbij	nah	d ɪ ɣ d + b ɛɪ	n aː	T V K T + P V	N V	0
neck	hals	Hals	h ɑ l s	h a l s	H V R S	H V R S	1
necklace	ketting	Halsband	k ɛ t ɪ ŋ	h a l s + b a n t	K V T V N	H V R S + P V N T	0
needle	naald	Nadel	n aː l t	n aː d ə l	N V R T	N V T V R	1
nephew	neef	Neffe	n eː f	n ɛ f ə	N V P	N V P V	1
nest	nest	Nest	n ɛ s t	n ɛ s t	N V S T	N V S T	1
nettle	netel	Nessel	n eː t ə l	n ɛ s ə l	N V T V R	N V S V R	1
new	nieuw	neu	n iː w	n ɔy	N V W	N V	1
niece	nicht	Nichte	n ɪ x t	n ɪ x t ə	N V K T	N V K T V	1
nit (louse egg)	neet	Nisse	n eː t	n ɪ s ə	N V T	N V S V	1
nose	neus	Nase	n øː s	n aː z ə	N V S	N V S V	1
nostril	neusvleugel	Nasenloch	n øː s + f l øː ɣ ə l	n aː z ə n + l ɔ x	N V S + P R V K V R	N V S V N + R V K	1
nut	noot	Nuss	n oː t	n ʊ s	N V T	N V S	1
oar	riem	Ruder	r iː m	r uː d ə r	R V M	R V T V R	0
oats	haver	Hafer	h aː v ə r	h aː f ə r	H V W V R	H V P V R	1
ocean	oceaan	Weltmeer	oː s eː j aː n	v ɛ l t + m eː r	V S V J V N	W V R T + M V R	0
ocean	oceaan	Ozean	oː s eː j aː n	oː ts eː aː n	V S V J V N	V K V V N	1
offspring (son or daughter)	kind	Kind	k ɪ n t	k ɪ n t	K V N T	K V N T	1
oil	olie	öl	oː l iː	ɶː l	V R V	V R	1
ointment	zalf	Salbe	z ɑ l f	z a l b ə	S V R P	S V R P V	1
old man	man	Greis	m ɑ n	ɡ r ai s	M V N	K R V S	0
open	openen	öffnen	oː p ə n ə	œ f n ə n	V P V N V	V P N V N	1
ornament, adornment	sieraad	Schmuck	s iː r aː t	ʃ m ʊ k	S V R V T	S M V K	0
oven	oven	Ofen	oː v ə	oː f ə n	V W V	V P V N	1
ox	os	Ochse	ɔ s	ɔ k s ə	V S	V K S V	1
ox	os	stier	ɔ s	ʃ t iː r	V S	S T V R	0
paddle (noun)	peddel	Paddel	p ɛ d ə l	p a d ə l	P V T V R	P V T V R	1
pair	paar	paar	p aː r	p aː r	P V R	P V R	1
pan	pan	Pfanne	p ɑ n	pf a n ə	P V N	P V N V	1
parrot	papegaai	Papagei	p ɑ p ə ɣ aː j	p a p a ɡ ai	P V P V K V J	P V P V K V	1
part, piece	deel	Teil	d eː l	t ai l	T V R	T V R	1
part, piece	deel	Stück	d eː l	ʃ t ʏ k	T V R	S T V K	0
path	pad	Pfad	p ɑ t	pf aː t	P V T	P V T	1
pay (vb)	betalen	bezahlen	b ə + t aː l ə	b ə + ts aː l ə n	P V + T V R V	P V + K V R V N	1
pay (vb)	betalen	zahlen	b ə + t aː l ə	ts aː l ə n	P V + T V R V	K V R V N	1
peel	pellen	schälen	p ɛ l ə	ʃ ɛː l ə n	P V R V	S V R V N	0
peel	schillen	schälen	s x ɪ l ə	ʃ ɛː l ə n	S K V R V	S V R V N	1
perspire	zweten	schwitzen	z w eː t ə	ʃ v ɪ ts ə n	S W V T V	S W V K V N	1
pig	varken	Schwein	v ɑ r k ə	ʃ v ai n	W V R K V	S W V N	0
pile up	opstapelen	aufhäufen	ɔ p s t aː p ə l ə	au f + h ɔy f ə n	V P S T V P V R V	V P + H V P V N	0
pile up	opstapelen	auftürmen	ɔ p s t aː p ə l ə	au f + t ʏ r m ə n	V P S T V P V R V	V P + T V R M V N	0
pin	speld	Stecknadel	s p ɛ l t	ʃ t ɛ k + n aː d ə l	S P V R T	S T V K + N V T V R	0
pine	pijnboom	Kiefer	p ɛɪ m + b oː m	k iː f ə r	P V M + P V M	K V P V R	0
pipe	pijp	Pfeife	p ɛɪ p	pf ai f ə	P V P	P V P V	1
plain, field	vlakte	Ebene	v l ɑ k t ə	eː b ə n ə	W R V K T V	V P V N V	0
plain, field	vlakte	Fläche	v l ɑ k t ə	f l ɛ x ə	W R V K T V	P R V K V	1
plain, field	vlakte	Feld	v l ɑ k t ə	f ɛ l t	W R V K T V	P V R T	0
plant (vb)	planten	pflanzen	p l ɑ n t ə	pf l a n ts ə n	P R V N T V	P R V N K V N	1
plate	bord	Teller	b ɔ r t	t ɛ l ə r	P V R T	T V R V R	0
plow	ploegen	pflügen	p l uː ɣ ə	pf l yː ɡ ə n	P R V K V	P R V K V N	1
pointed	spits	Spitze	s p ɪ ts	ʃ p ɪ ts ə	S P V K	S P V K V	1
poison	gif	Gift	x ɪ f	ɡ ɪ f t	K V P	K V P T	1
poor	arm	bedürftig	ɑ r m	b ə + d ʏ r f t ɪ x	V R M	P V + T V R P T V K	0
porpoise, dolphin	dolfijn	Tümmler	d ɔ l f ɛɪ n	t ʏ m l ə r	T V R P V N	T V M R V R	0
post, pole	post	Pfahl	p ɔ s t	pf aː l	P V S T	P V R	0
post, pole	paal	Pfahl	p aː l	pf aː l	P V R	P V R	1
pot, cooking vessel	pot	Topf	p ɔ t	t ɔ pf	P V T	T V P	0
pour	schenken	giessen	s x ɛ ŋ k ə	ɡ iː s ə n	S K V N K V	K V S V N	0
pour	schenken	schütten	s x ɛ ŋ k ə	ʃ ʏ t ə n	S K V N K V	S V T V N	0
pour	schenken	schenken	s x ɛ ŋ k ə	ʃ ɛ ŋ k ə n	S K V N K V	S V N K V N	1
pregnant	zwanger	schwanger	z w ɑ ŋ ə r	ʃ v a ŋ ə r	S W V N V R	S W V N V R	1
preserve, look after	behouden	bewahren	b ə + h ɑu d ə	b ə + v aː r ə n	P V + H V T V	P V + W V R V N	0
preserve, look after	bewaren	bewahren	b ə + w aː r ə	b ə + v aː r ə n	P V + W V R V	P V + W V R V N	1
price	prijs	Preis	p r ɛɪ s	p r ai s	P R V S	P R V S	1
push, shove	duwen	stoßen	d yː w ə	ʃ t oː s ə n	T V W V	S T V S V N	0
put	leggen	setzen	l ɛ ɣ ə	z ɛ ts ə n	R V K V	S V K V N	0
put on (clothes)	aantrekken	kleiden	aː n + t r ɛ k ə	k l ai d ə n	V N + T R V K V	K R V T V N	0
rabbit	konijn	Kaninchen	k oː n ɛɪ n	k a n iː n + x ə n	K V N V N	K V N V N + K V N	1
rain (noun)	regen	regen	r eː ɣ ə	r eː ɡ ə n	R V K V	R V K V N	1
rainbow	regenboog	Regenbogen	r eː ɣ ə m + b oː x	r eː ɡ ə n + b oː ɡ ə n	R V K V M + P V K	R V K V N + P V K V N	1
raise, lift	optillen	aufheben	ɔ p + t ɪ l ə	au f + h eː b ə n	V P + T V R V	V P + H V P V N	0
rake	hark	rechen	h ɑ r k	r ɛ x ə n	H V R K	R V K V N	0
rake	hark	Harke	h ɑ r k	h a r k ə	H V R K	H V R K V	1
ram	ram	Widder	r ɑ m	v ɪ d ə r	R V M	W V T V R	0
ram	ram	Schafbock	r ɑ m	ʃ aː f + b ɔ k	R V M	S V P + P V K	0
reef	rif	Riff	r ɪ f	r ɪ f	R V P	R V P	0
remain, stay	blijven	bleiben	b l ɛɪ v ə	b l ai b ə n	P R V W V	P R V P V N	1
remains, left overs	resten	Rest	r ɛ s t ə	r ɛ s t	R V S T V	R V S T	1
rib	rib	Rippe	r ɪ p	r ɪ p ə	R V P	R V P V	1
rich	rijk	reich	r ɛɪ k	r ai x	R V K	R V K	1
ride	rijden	reiten	r ɛɪ d ə	r ai t ə n	R V T V	R V T V N	1
ripe	rijp	reif	r ɛɪ p	r ai f	R V P	R V P	1
rise	opkomen	aufstehen	ɔ p + k oː m ə	au f + ʃ t eː ə n	V P + K V M V	V P + S T V V N	0
river, stream, brook	rivier	Fluss	r iː v iː r	f l ʊ s	R V W V R	P R V S	0
river, stream, brook	rivier	Strom	r iː v iː r	ʃ t r oː m	R V W V R	S T R V M	0
river, stream, brook	rivier	Bach	r iː v iː r	b a x	R V W V R	P V K	0
river, stream, brook	stroom	Fluss	s t r oː m	f l ʊ s	S T R V M	P R V S	0
river, stream, brook	stroom	Strom	s t r oː m	ʃ t r oː m	S T R V M	S T R V M	1
river, stream, brook	stroom	Bach	s t r oː m	b a x	S T R V M	P V K	0
road	weg	Weg	w ɛ x	v ɛ k	W V K	W V K	1
roast, fry	braden	rösten	b r aː d ə	r ɶː s t ə n	P R V T V	R V S T V N	0
roll	rollen	wälzen	r ɔ l ə	v ɛ l ts ə n	R V R V	W V R K V N	0
roll	rollen	rollen	r ɔ l ə	r ɔ l ə n	R V R V	R V R V N	1
roof	dak	Dach	d ɑ k	d a x	T V K	T V K	1
room	kamer	Zimmer	k aː m ə r	ts ɪ m ə r	K V M V R	K V M V R	0
rope, cord	touw	Seil	t ɑu w	z ai l	T V W	S V R	0
rope, cord	touw	Tau	t ɑu w	t au	T V W	T V	1
rotten	rot	faul	r ɔ t	f au l	R V T	P V R	0
rough (of sea)	ruw	rauh	r yː w	r au	R V W	R V	1
round	rond	rund	r ɔ n t	r ʊ n t	R V N T	R V N T	1
rub, wipe	wrijven	wischen	w r ɛɪ v ə	v ɪ ʃ ə n	W R V W V	W V S V N	0
rye	rogge	Roggen	r ɔ ɣ ə	r ɔ ɡ ə n	R V K V	R V K V N	1
sail (noun)	zeil	Segel	z ɛɪ l	z eː ɡ ə l	S V R	S V K V R	1
salt	zout	Salz	z ɑu t	z a l ts	S V T	S V R K	1
sand	zand	Sand	z ɑ n t	z a n t	S V N T	S V N T	1
sandfly (midge), gnat	mug	Mücke	m ʉ x	m ʏ k ə	M V K	M V K V	1
sap	sap	Saft	s ɑ p	z a f t	S V P	S V P T	1
saucer	schotel	Untertasse	s x oː t ə l	ʊ n t ə r + t a s ə	S K V T V R	V N T V R + T V S V	0
scar	litteken	Narbe	l ɪ t eː k ə	n a r b ə	R V T V K V	N V R P V	0
sculptor	beeldhouwer	Bildhauer	b eː l t + h ɑu w ə r	b ɪ l t + h au ə r	P V R T + H V W V R	P V R T + H V V R	1
sea	zee	See	z eː	z eː	S V	S V	1
second	tweede	zweite	t w eː d ə	ts v ai t ə	T W V T V	K W V T V	1
seed	zaad	Saat	z aː t	z aː t	S V T	S V T	1
seek, look for	zoeken	suchen	z uː k ə	z uː x ə n	S V K V	S V K V N	1
seize, grasp	vastpakken	greifen	v ɑ s t + p ɑ k ə	ɡ r ai f ə n	W V S T + P V K V	K R V P V N	0
sell	verkopen	verkaufen	v ə r + k oː p ə	f ɛ r + k au f ə n	W V R + K V P V	P V R + K V P V N	1
send	zenden	schicken	z ɛ n d ə	ʃ ɪ k ə n	S V N T V	S V K V N	0
shade, shadow	schaduw	schatten	s x aː d yː w	ʃ a t ə n	S K V T V W	S V T V N	1
share (distribute)	delen	austeilen	d eː l ə	au s + t ai l ə n	T V R V	V S + T V R V N	1
shark	haai	Hai	h aː j	h ai	H V J	H V	1
sheep	schaap	Schaf	s x aː p	ʃ aː f	S K V P	S V P	1
shelf	plank	Regal	p l ɑ ŋ k	r eː ɡ aː l	P R V N K	R V K V R	0
shiver	rillen	frösteln	r ɪ l ə	f r œ s t ə l n	R V R V	P R V S T V R N	0
shoemaker, cobbler	schoenmaker	Schuster	s x uː n + m aː k ə r	ʃ uː s t ə r	S K V N + M V K V R	S V S T V R	1
shore	oever	Ufer	uː v ə r	uː f ə r	V W V R	V P V R	1
shore	oever	Strand	uː v ə r	ʃ t r a n t	V W V R	S T R V N T	0
shoulder	schouder	Schulter	s x ɑu d ə r	ʃ ʊ l t ə r	S K V T V R	S V R T V R	1
shovel	schop	Schaufel	s x ɔ p	ʃ au f ə l	S K V P	S V P V R	0
shut, close	sluiten	zumachen	s l œy t ə	ts uː + m a x ə n	S R V T V	K V + M V K V N	0
sick, sickness	ziek	krank	z iː k	k r a ŋ k	S V K	K R V N K	0
side	kant	Seite	k ɑ n t	z ai t ə	K V N T	S V T V	0
sieve, strain	zeven	sieben	z eː v ə	z iː b ə n	S V W V	S V P V N	1
silver	zilver	Silber	z ɪ l v ə r	z ɪ l b ə r	S V R W V R	S V R P V R	1
sink	zinken	senken	z ɪ ŋ k ə	z ɛ ŋ k ə n	S V N K V	S V N K V N	1
skin, hide	huid	Haut	h œy t	h au t	H V T	H V T	1
skull	schedel	Schädel	s x eː d ə l	ʃ ɛː d ə l	S K V T V R	S V T V R	1
sky	hemel	Himmel	h eː m ə l	h ɪ m ə l	H V M V R	H V M V R	1
sleep	slapen	schlafen	s l aː p ə	ʃ l aː f ə n	S R V P V	S R V P V N	1
slide, slip	glijden	gleiten	x l ɛɪ d ə	ɡ l ai t ə n	K R V T V	K R V T V N	1
small, little	klein	klein	k l ɛɪ n	k l ai n	K R V N	K R V N	1
smith, blacksmith	smid	Schmied	s m ɪ t	ʃ m iː t	S M V T	S M V T	1
smoke (noun)	rook	Rauch	r oː k	r au x	R V K	R V K	1
snail	slak	Schnecke	s l ɑ k	ʃ n ɛ k ə	S R V K	S N V K V	0
sneeze	niezen	niesen	n iː z ə	n iː z ə n	N V S V	N V S V N	1
snore	snurken	schnarchen	s n ʉ r k ə	ʃ n a r x ə n	S N V R K V	S N V R K V N	1
snow (noun)	sneeuw	Schnee	s n eː w	ʃ n eː	S N V W	S N V	1
son	zoon	Sohn	z oː n	z oː n	S V N	S V N	1
son-in-law (of a man)	schoonzoon	Schwiegersohn	s x oː n + z oː n	ʃ v iː ɡ ə r + z oː n	S K V N + S V N	S W V K V R + S V N	1
soup, broth	soep	Suppe	s uː p	z ʊ p ə	S V P	S V P V	1
soup, broth	soep	Brühe	s uː p	b r yː ə	S V P	P R V V	0
south	zuiden	Süden	z œy d ə	z yː d ə n	S V T V	S V T V N	1
sow	zaaien	sähen	z aː j ə	z æː ə n	S V J V	S V V N	1
sow (2)	zeug	Sau	z øː x	z au	S V K	S V	1
spade	spade	spaten	s p aː d ə	ʃ p aː t ə n	S P V T V	S P V T V N	1
sphere, ball	bal	Kugel	b ɑ l	k uː ɡ ə l	P V R	K V K V R	0
sphere, ball	bol	Kugel	b ɔ l	k uː ɡ ə l	P V R	K V K V R	0
spin	spinnen	spinnen	s p ɪ n ə	ʃ p ɪ n ə n	S P V N V	S P V N V N	1
spindle	spindel	Spindel	s p ɪ n d ə l	ʃ p ɪ n d ə l	S P V N T V R	S P V N T V R	1
spit	spugen	spucken	s p yː ɣ ə	ʃ p ʊ k ə n	S P V K V	S P V K V N	1
split	splijten	spalten	s p l ɛɪ t ə	ʃ p a l t ə n	S P R V T V	S P V R T V N	1
spread out	uitspreiden	streuen	œy t + s p r ɛɪ d ə	ʃ t r ɔy ə n	V T + S P R V T V	S T R V V N	0
spring, well	bron	Quelle	b r ɔ n	k v ɛ l ə	P R V N	K W V R V	0
spring, well	bron	Brunnen	b r ɔ n	b r ʊ n ə n	P R V N	P R V N V N	1
square	vierkant	Viereck	v iː r + k ɑ n t	f iː r + ɛ k	W V R + K V N T	P V R + V K	1
squeeze, wring	uitpersen	auswringen	œy t + p ɛ r s ə	au s + v r ɪ ŋ ə n	V T + P V R S V	V S + W R V N V N	0
stab	steken	erstechen	s t eː k ə	ɛ r + ʃ t ɛ x ə n	S T V K V	V R + S T V K V N	1
stab	steken	stechen	s t eː k ə	ʃ t ɛ x ə n	S T V K V	S T V K V N	1
stable, stall	stal	Stall	s t ɑ l	ʃ t a l	S T V R	S T V R	1
stallion	hengst	Hengst	h ɛ ŋ s t	h ɛ ŋ s t	H V N S T	H V N S T	1
stepdaughter	stiefdochter	Stieftochter	s t iː v + d ɔ x t ə r	ʃ t iː f + t ɔ x t ə r	S T V W + T V K T V R	S T V P + T V K T V R	1
stepfather	stiefvader	Stiefvater	s t iː + f aː d ə r	ʃ t iː f + f aː t ə r	S T V + P V T V R	S T V P + P V T V R	1
stepmother	stiefmoeder	Stiefmutter	s t iː f + m uː d ə r	ʃ t iː f + m ʊ t ə r	S T V P + M V T V R	S T V P + M V T V R	1
stocking, sock	sok	Strumpf	s ɔ k	ʃ t r ʊ m pf	S V K	S T R V M P	0
stomach	maag	Magen	m aː x	m aː ɡ ə n	M V K	M V K V N	1
stone, rock	rots	Stein	r ɔ ts	ʃ t ai n	R V K	S T V N	0
stone, rock	rots	Fels	r ɔ ts	f ɛ l s	R V K	P V R S	0
stone, rock	steen	Stein	s t eː n	ʃ t ai n	S T V N	S T V N	1
stone, rock	steen	Fels	s t eː n	f ɛ l s	S T V N	P V R S	0
storm	storm	Sturm	s t ɔ r m	ʃ t ʊ r m	S T V R M	S T V R M	1
stove	kachel	Ofen	k ɑ x ə l	oː f ə n	K V K V R	V P V N	0
stretch	uitrekken	strecken	œy t + r ɛ k ə	ʃ t r ɛ k ə n	V T + R V K V	S T R V K V N	1
strike (hit, beat)	slaan	schlagen	s l aː n	ʃ l aː ɡ ə n	S R V N	S R V K V N	1
strong, mighty, powerful	sterk	stark	s t ɛ r k	ʃ t a r k	S T V R K	S T V R K	1
strong, mighty, powerful	sterk	mächtig	s t ɛ r k	m ɛ x t ɪ x	S T V R K	M V K T V K	0
suck	zuigen	saugen	z œy ɣ ə	z au ɡ ə n	S V K V	S V K V N	1
sun	zon	Sonne	z ɔ n	z ɔ n ə	S V N	S V N V	1
supper	avondeten	Abendessen	aː v ɔ n d + eː t ə	aː b ə n t + ɛ s ə n	V W V N T + V T V	V P V N T + V S V N	1
supper	avondeten	Abendbrot	aː v ɔ n d + eː t ə	aː b ə n t + b r oː t	V W V N T + V T V	V P V N T + P R V T	0
swallow	doorslikken	schlucken	d oː r s + l ɪ k ə	ʃ l ʊ k ə n	T V R S + R V K V	S R V K V N	1
swamp	moeras	Sumpf	m uː r ɑ s	z ʊ m pf	M V R V S	S V M P	0
swamp	moeras	Morast	m uː r ɑ s	m oː r a s t	M V R V S	M V R V S T	1
swelling	zwelling	Schwellung	z w ɛ l ɪ ŋ	ʃ v ɛ l ʊ ŋ	S W V R V N	S W V R V N	1
swim	zwemmen	schwimmen	z w ɛ m ə	ʃ v ɪ m ə n	S W V M V	S W V M V N	1
tail	staart	Schwanz	s t aː r t	ʃ v a n ts	S T V R T	S W V N K	0
tailor	kleermaker	Schneider	k l eː r + m aː k ə r	ʃ n ai d ə r	K R V R + M V K V R	S N V T V R	0
take	nemen	nehmen	n eː m ə	n eː m ə n	N V M V	N V M V N	1
tear	scheuren	reissen	s x øː r ə	r ai s ə n	S K V R V	R V S V N	0
tent	tent	Zelt	t ɛ n t	ts ɛ l t	T V N T	K V R T	0
they	zij	sie	z ɛɪ	z iː	S V	S V	1
thick (in dimension)	dik	dick	d ɪ k	d ɪ k	T V K	T V K	1
thigh	dij	Oberschenkel	d ɛɪ	oː b ə r + ʃ ɛ ŋ k ə l	T V	V P V R + S V N K V R	0
thigh	dij	Schenkel	d ɛɪ	ʃ ɛ ŋ k ə l	T V	S V N K V R	0
thin (in dimension)	dun	dünn	d ʉ n	d ʏ n	T V N	T V N	1
thing	ding	Sache	d ɪ ŋ	z a x ə	T V N	S V K V	0
thing	ding	Ding	d ɪ ŋ	d ɪ ŋ	T V N	T V N	1
third	derde	Dritte	d ɛ r d ə	d r ɪ t ə	T V R T V	T R V T V	1
thousand	duizend	tausend	d œy z ə n t	t au z ə n t	T V S V N T	T V S V N T	1
throw	werpen	werfen	w ɛ r p ə	v ɛ r f ə n	W V R P V	W V R P V N	1
thunder	donder	Donner	d ɔ n d ə r	d ɔ n ə r	T V N T V R	T V N V R	1
tie, bind	binden	binden	b ɪ n d ə	b ɪ n d ə n	P V N T V	P V N T V N	1
time	tijd	zeit	t ɛɪ t	ts ai t	T V T	K V T	1
tin, tinplate	tin	Zinn	t ɪ n	ts ɪ n	T V N	K V N	1
tin, tinplate	tin	Blech	t ɪ n	b l ɛ x	T V N	P R V K	0
tired, weary	moe	müde	m uː	m yː d ə	M V	M V T V	1
toe	teen	Zehe	t eː n	ts eː ə	T V N	K V V	1
tongs	tang	Zange	t ɑ ŋ	ts a ŋ ə	T V N	K V N V	1
tongue	tong	Zunge	t ɔ ŋ	ts ʊ ŋ ə	T V N	K V N V	1
tool	gereedschap	Werkzeug	x ə r eː t + s x ɑ p	v ɛ r k + ts ɔy k	K V R V T + S K V P	W V R K + K V K	0
tool	werktuig	Werkzeug	w ɛ r k + t œy x	v ɛ r k + ts ɔy k	W V R K + T V K	W V R K + K V K	1
top	top	Spitze	t ɔ p	ʃ p ɪ ts ə	T V P	S P V K V	0
tree	boom	Baum	b oː m	b au m	P V M	P V M	1
trough	trog	Trog	t r ɔ x	t r oː k	T R V K	T R V K	1
turn over	omdraaien	umdrehen	ɔ m + d r aː j ə	ʊ m + d r eː ə n	V M + T R V J V	V M + T R V V N	1
twelve	twaalf	zwölf	t w aː l f	ts v œ l f	T W V R P	K W V R P	1
twist	draaien	drehen	d r aː j ə	d r eː ə n	T R V J V	T R V V N	1
twist	draaien	flechten	d r aː j ə	f l ɛ x t ə n	T R V J V	P R V K T V N	0
uncle	oom	Onkel	oː m	ɔ ŋ k ə l	V M	V N K V R	0
valley	vallei	Tal	v ɑ l ɛɪ	t aː l	W V R V	T V R	0
valley	dal	Tal	d ɑ l	t aː l	T V R	T V R	1
veil	sluier	Schleier	s l œy j ə r	ʃ l ai ə r	S R V J V R	S R V V R	1
vein, artery	bloedvat	Ader	b l uː t f ɑ t	aː d ə r	P R V T P V T	V T V R	0
vein, artery	ader	Ader	aː d ə r	aː d ə r	V T V R	V T V R	1
vine	win#gerd	Weinstock	w ɪ ŋ ə r t	v ai n + ʃ t ɔ k	W V N V R T	W V N + S T V K	1
vomit	braken	erbrechen	b r aː k ə	ɛ r + b r ɛ x ə n	P R V K V	V R + P R V K V N	1
vomit	braken	kotzen	b r aː k ə	k ɔ ts ə n	P R V K V	K V K V N	0
vulture	gier	Geier	x iː r	ɡ ai ə r	K V R	K V V R	1
wages	loon	Lohn	l oː n	l oː n	R V N	R V N	1
wages	loon	Bezahlung	l oː n	b ə + ts aː l ʊ ŋ	R V N	P V + K V R V N	0
wages	salaris	Lohn	s aː l aː r ə s	l oː n	S V R V R V S	R V N	0
wages	salaris	Bezahlung	s aː l aː r ə s	b ə + ts aː l ʊ ŋ	S V R V R V S	P V + K V R V N	0
waist	middel	Taille	m ɪ d ə l	t a l j ə	M V T V R	T V R J V	0
wash	wassen	waschen	w ɑ s ə	v a ʃ ə n	W V S V	W V S V N	1
wasp	wesp	Wespe	w ɛ s p	v ɛ s p ə	W V S P	W V S P V	1
water	water	Wasser	w aː t ə r	v a s ə r	W V T V R	W V S V R	1
wave	golf	Welle	x ɔ l f	v ɛ l ə	K V R P	W V R V	0
wave	golf	Woge	x ɔ l f	v oː ɡ ə	K V R P	W V K V	0
we	wij	wir	w ɛɪ	v iː r	W V	W V R	1
weak	zwak	schwach	z w ɑ k	ʃ v a x	S W V K	S W V K	1
weather	weer	Wetter	w eː r	v ɛ t ə r	W V R	W V T V R	1
weave	weven	weben	w eː v ə	v eː b ə n	W V W V	W V P V N	1
weave, plait	vlechten	flechten	v l ɛ x t ə	f l ɛ x t ə n	W R V K T V	P R V K T V N	1
weigh	wegen	wiegen	w eː ɣ ə	v iː ɡ ə n	W V K V	W V K V N	1
well, health	gezond	gesund	x ə + z ɔ n t	ɡ ə + z ʊ n t	K V + S V N T	K V + S V N T	1
west	westen	Westen	w ɛ s t ə	v ɛ s t ə n	W V S T V	W V S T V N	1
whale	walvis	Wal	w ɑ l v ɪ s	v aː l	W V R W V S	W V R	1
wheel	wiel	Rad	w iː l	r aː t	W V R	R V T	0
whirlpool	draaikolk	Strudel	d r aː j k ɔ l k	ʃ t r uː d ə l	T R V J K V R K	S T R V T V R	0
whirlpool	draaikolk	Wirbel	d r aː j k ɔ l k	v ɪ r b ə l	T R V J K V R K	W V R P V R	0
wide, broad	breed	breit	b r eː t	b r ai t	P R V T	P R V T	1
wide, broad	wijd	breit	w ɛɪ t	b r ai t	W V T	P R V T	0
widower	weduwnaar	Witwer	w eː d yː w n + aː r	v ɪ t v ə r	W V T V W N + V R	W V T W V R	1
wife	echtgenote	Frau	ɛ x t + x ə n oː t ə	f r au	V K T + K V N V T V	P R V	0
wife	echtgenote	Gattin	ɛ x t + x ə n oː t ə	ɡ a t ɪ n	V K T + K V N V T V	K V T V N	0
wife	echtgenote	Gemahlin	ɛ x t + x ə n oː t ə	ɡ ə + m aː l ɪ n	V K T + K V N V T V	K V + M V R V N	0
wife	vrouw	Frau	v r ɑu w	f r au	W R V W	P R V	1
wife	vrouw	Gattin	v r ɑu w	ɡ a t ɪ n	W R V W	K V T V N	0
wife	vrouw	Gemahlin	v r ɑu w	ɡ ə + m aː l ɪ n	W R V W	K V + M V R V N	0
wind	wind	Wind	w ɪ n t	v ɪ n t	W V N T	W V N T	1
wind, wrap	wikkelen	wickeln	w ɪ k ə l ə	v ɪ k ə l n	W V K V R V	W V K V R N	1
wing	vleugel	Flügel	v l øː ɣ ə l	f l yː ɡ ə l	W R V K V R	P R V K V R	1
wolf	wolf	Wolf	w ɔ l f	v ɔ l f	W V R P	W V R P	1
woman	vrouw	Frau	v r ɑu w	f r au	W R V W	P R V	1
woman	vrouw	Weib	v r ɑu w	v ai p	W R V W	W V P	0
womb	baarmoeder	Gebärmutter	b aː r + m uː d ə r	ɡ ə + b ɛː r + m ʊ t ə r	P V R + M V T V R	K V + P V R + M V T V R	1
wood	hout	Holz	h ɑu t	h ɔ l ts	H V T	H V R K	1
woods, forest	bos	Wald	b ɔ s	v a l t	P V S	W V R T	0
woods, forest	woud	Wald	w ɑu t	v a l t	W V T	W V R T	1
wool	wol	Wolle	w ɔ l	v ɔ l ə	W V R	W V R V	1
work	werk	arbeiten	w ɛ r k	a r b ai t ə n	W V R K	V R P V T V N	0
world	wereld	Welt	w eː r ə l t	v ɛ l t	W V R V R T	W V R T	1
wound, sore	wond	Wunde	w ɔ n t	v ʊ n d ə	W V N T	W V N T V	1
wrist	pols	Handgelenk	p ɔ l s	h a n t + ɡ ə l ɛ ŋ k	P V R S	H V N T + K V R V N K	0
yard, court	hof	Hof	h ɔ f	h oː f	H V P	H V P	1
yawn, gape	geeuwen	gaffen	x eː w ə	ɡ a f ə n	K V W V	K V P V N	1
yoke	juk	Joch	j ʉ k	j ɔ x	J V K	J V K	1
you (plural)	jullie	ihr	j ʉ l iː	iː r	J V R V	V R	0
you (plural)	jullie	Sie	j ʉ l iː	z iː	J V R V	S V	0
you (singular)	jij	du	j ɛɪ	d uː	J V	T V	0
you (singular)	jij	Sie	j ɛɪ	z iː	J V	S V	0
