German_Headword	Dutch_Headword	German_IPA	Dutch_IPA	German_Sound_Classes	Dutch_Sound_Classes	Cognateset_ID
Weib	wijf	v ai p	ʋ ɛɪ f	W V P	W V P	538
Korn	koren	k ɔ r n	k oː r ə	K V R N	K V R V	533
Heim	heem	h ai m	h eː m	H V M	H V M	532
Nix	nikker	n ɪ k s	n ɪ k ə r	N V K S	N V K V R	4
trinken	drinken	t r ɪ ŋ k ə n	d r ɪ ŋ k ə	T R V N K V N	T R V N K V	6
Busen	boezem	b uː z ə n	b uː z ə m	P V S V N	P V S V M	7
Sterz	staart	ʃ t ɛ r ts	s t aː r t	S T V R K	S T V R T	8
Bock	bok	b ɔ k	b ɔ k	P V K	P V K	9
Meise	mees	m ai z ə	m eː s	M V S V	M V S	10
Horst	horst	h ɔ r s t	h ɔ r s t	H V R S T	H V R S T	11
Mark	mark	m a r k	m ɑ r k	M V R K	M V R K	12
Halm	halm	h a l m	h ɑ l m	H V R M	H V R M	15
Taube	dove	t au b ə	d oː v ə	T V P V	T V W V	16
Schuld	schuld	ʃ ʊ l d	s x ʉ l t	S V R T	S K V R T	17
Heft	hecht	h ɛ f t	h ɛ x t	H V P T	H V K T	18
Durst	dorst	d ʊ r s t	d ɔ r s t	T V R S T	T V R S T	19
Sporn	spoor	ʃ p ɔ r n	s p oː r	S P V R N	S P V R	20
meinen	menen	m ai n ə n	m eː n ə	M V N V N	M V N V	21
bleiben	blijven	b l ai b ə n	b l ɛɪ v ə	P R V P V N	P R V W V	22
Name	naam	n aː m ə	n aː m	N V M V	N V M	23
Reis	rijs	r ai s	r ɛɪ s	R V S	R V S	24
Erde	aarde	eː r d ə	aː r d ə	V R T V	V R T V	25
hauen	houwen	h au ə n	h ɑu ʋ ə	H V V N	H V W V	26
Schale	schaal	ʃ aː l ə	s x aː l	S V R V	S K V R	27
Grund	grond	ɡ r ʊ n t	x r ɔ n t	K R V N T	K R V N T	28
suchen	zoeken	z uː x ə n	z uː k ə	S V K V N	S V K V	30
Blatt	blad	b l a t	b l ɑ t	P R V T	P R V T	31
Herz	hart	h ɛ r ts	h ɑ r t	H V R K	H V R T	32
Vieh	vee	v iː	v eː	W V	W V	33
Leim	lijm	l ai m	l ɛɪ m	R V M	R V M	34
Nadel	naald	n aː d ə l	n aː l t	N V T V R	N V R T	35
Mahr	nachtmerrie	m aː r	n ɑ x t m ɛ r iː	M V R	N V K T M V R V	36
graben	graven	ɡ r aː b ə n	x r aː v ə	K R V P V N	K R V W V	37
Sache	zaak	z a x ə	z aː k	S V K V	S V K	38
Wehr	weer	v eː r	ʋ eː r	W V R	W V R	39
Darm	darm	d a r m	d ɑ r m	T V R M	T V R M	40
Grube	groeve	ɡ r uː b ə	x r uː v ə	K R V P V	K R V W V	41
Knebel	knevel	k n eː b ə l	k n eː v ə l	K N V P V R	K N V W V R	42
Brunnen	bron	b r ʊ n ə n	b r ɔ n	P R V N V N	P R V N	44
fechten	vechten	f ɛ x t ə n	v ɛ x t ə	P V K T V N	W V K T V	45
wecken	wekken	v ɛ k ə n	ʋ ɛ k ə	W V K V N	W V K V	46
reiten	rijden	r ai t ə n	r ɛɪ d ə	R V T V N	R V T V	47
Hitze	hitte	h ɪ ts ə	h ɪ t ə	H V K V	H V T V	48
Mus	moes	m uː s	m uː s	M V S	M V S	49
sieben	zeven	z iː b ə n	z eː v ə	S V P V N	S V W V	50
Spindel	spil	ʃ p ɪ n d ə l	s p ɪ l	S P V N T V R	S P V R	51
Rabe	raaf	r aː b ə	r aː f	R V P V	R V P	52
heilen	helen	h ai l ə n	h eː l ə	H V R V N	H V R V	53
Kalb	kalf	k a l p	k ɑ l f	K V R P	K V R P	54
Witwe	weduwe	v ɪ t v ə	ʋ eː d yː ʋ ə	W V T W V	W V T V W V	55
Gang	gang	ɡ a ŋ	x ɑ ŋ	K V N	K V N	56
fahren	varen	f aː r ə n	v aː r ə	P V R V N	W V R V	57
Schwert	zwaard	ʃ v eː r t	z ʋ aː r t	S W V R T	S W V R T	58
Leber	lever	l eː b ə r	l eː v ə r	R V P V R	R V W V R	59
Wille	wil	v ɪ l ə	ʋ ɪ l	W V R V	W V R	60
Berg	berg	b ɛ r k	b ɛ r x	P V R K	P V R K	61
drei	drie	d r ai	d r iː	T R V	T R V	63
Wort	woord	v ɔ r t	ʋ oː r t	W V R T	W V R T	65
Mal	maal	m aː l	m aː l	M V R	M V R	66
greifen	grijpen	ɡ r ai f ə n	x r ɛɪ p ə	K R V P V N	K R V P V	67
Wirbel	wervel	v ɪ r b ə l	ʋ ɛ r v ə l	W V R P V R	W V R W V R	68
fallen	vallen	f a l ə n	v ɑ l ə	P V R V N	W V R V	69
Haupt	hoofd	h au p t	h oː f t	H V P T	H V P T	70
Leid	leed	l ai t	l eː t	R V T	R V T	71
Beere	bes	b eː r ə	b ɛ s	P V R V	P V S	72
glauben	geloven	ɡ l au b ə n	x ə l oː v ə	K R V P V N	K V R V W V	73
Lied	lied	l iː t	l iː t	R V T	R V T	74
Steuer	stuur	ʃ t ɔy ə r	s t yː r	S T V V R	S T V R	75
Winter	winter	v ɪ n t ə r	ʋ ɪ n t ə r	W V N T V R	W V N T V R	76
Schalk	schalk	ʃ a l k	s x ɑ l k	S V R K	S K V R K	77
mahlen	malen	m aː l ə n	m aː l ə	M V R V N	M V R V	78
Reise	reis	r ai z ə	r ɛɪ s	R V S V	R V S	79
Rohr	roer	r oː r	r uː r	R V R	R V R	80
Hengst	hengst	h ɛ ŋ s t	h ɛ ŋ s t	H V N S T	H V N S T	81
Braut	bruid	b r au t	b r œy t	P R V T	P R V T	82
Niere	nier	n iː r ə	n iː r	N V R V	N V R	83
spinnen	spinnen	ʃ p ɪ n ə n	s p ɪ n ə	S P V N V N	S P V N V	84
Hals	hals	h a l s	h ɑ l s	H V R S	H V R S	85
Schild	schild	ʃ ɪ l d/t	s x ɪ l t	S V R T	S K V R T	86
Ball	bal	b a l	b ɑ l	P V R	P V R	87
Nest	nest	n ɛ s t	n ɛ s t	N V S T	N V S T	88
sterben	sterven	ʃ t ɛ r b ə n	s t ɛ r v ə	S T V R P V N	S T V R W V	89
neun	negen	n ɔy n	n eː ɣ ə	N V N	N V K V	90
Zapfen	tap	ts a pf ə n	t ɑ p	K V P V N	T V P	91
Salbe	zalf	z a l b ə	z ɑ l f	S V R P V	S V R P	92
Hund	hond	h ʊ n t	h ɔ n t	H V N T	H V N T	93
Fuchs	vos	f ʊ k s	v ɔ s	P V K S	W V S	94
neigen	neigen	n ai ɡ ə n	n ɛɪ ɣ ə	N V K V N	N V K V	96
Husten	hoest	h ʊ s t ə n	h uː s t	H V S T V N	H V S T	97
denken	denken	d ɛ ŋ k ə n	d ɛ ŋ k ə	T V N K V N	T V N K V	98
Dank	dank	d a ŋ k	d ɑ ŋ k	T V N K	T V N K	328
streuen	strooien	ʃ t r ɔy ə n	s t r oː j ə	S T R V V N	S T R V J V	99
vier	vier	f iː r	v iː r	P V R	W V R	100
Speer	speer	ʃ p eː r	s p eː r	S P V R	S P V R	101
Lauge	loog	l au ɡ ə	l oː x	R V K V	R V K	102
Honig	honing	h oː n ɪ x	h oː n ɪ ŋ	H V N V K	H V N V N	103
Mitte	midden	m ɪ t ə	m ɪ d ə	M V T V	M V T V	104
bohren	boren	b oː r ə n	b oː r ə	P V R V N	P V R V	105
Hecke	heg	h ɛ k ə	h ɛ x	H V K V	H V K	106
Geburt	geboorte	ɡ ə b uː r t	x ə b oː r t ə	K V P V R T	K V P V R T V	107
Hand	hand	h a n t	h ɑ n t	H V N T	H V N T	108
Traum	droom	t r au m	d r oː m	T R V M	T R V M	109
Waage	waag	v aː ɡ ə	ʋ aː x	W V K V	W V K	110
laden	laden	l aː d ə n	l aː d ə	R V T V N	R V T V	111
Tier	dier	t iː r	d iː r	T V R	T V R	112
Wal	wal	v aː l	ʋ ɑ l	W V R	W V R	113
Span	spaan	ʃ p aː n	s p aː n	S P V N	S P V N	114
Ader	ader	aː d ə r	aː d ə r	V T V R	V T V R	115
Kern	kern	k ɛ r n	k ɛ r n	K V R N	K V R N	116
tausend	duizend	t au z ə n d	d œy z ə n t	T V S V N T	T V S V N T	117
Nabel	navel	n aː b ə l	n aː v ə l	N V P V R	N V W V R	118
Holz	hout	h ɔ l ts	h ɑu t	H V R K	H V T	119
Hammer	hamer	h a m ə r	h aː m ə r	H V M V R	H V M V R	120
steigen	stijgen	ʃ t ai ɡ ə n	s t ɛɪ ɣ ə	S T V K V N	S T V K V	121
falten	vouw	f a l t ə n	v ɑu ʋ	P V R T V N	W V W	122
Stelze	stelt	ʃ t ɛ l ts ə	s t ɛ l t	S T V R K V	S T V R T	123
Frost	vorst	f r ɔ s t	v ɔ r s t	P R V S T	W V R S T	125
stehlen	stelen	ʃ t eː l ə n	s t eː l ə	S T V R V N	S T V R V	126
Farn	varen	f a r n	v aː r ə	P V R N	W V R V	127
Netz	net	n ɛ ts	n ɛ t	N V K	N V T	128
Bahre	baar	b aː r ə	b aː r	P V R V	P V R	129
Dampf	damp	d/t a m pf	d ɑ m p	T V M P	T V M P	130
Hilfe	hulp	h ɪ l f ə	h ʉ l p	H V R P V	H V R P	131
Not	nood	n oː t	n oː t	N V T	N V T	132
Hinde	hinde	h ɪ n d ə	h ɪ n d ə	H V N T V	H V N T V	133
Hasel	hazelaar	h aː z ə l	h aː z ə l aː r	H V S V R	H V S V R V R	134
Strang	streng	ʃ t r a ŋ	s t r ɛ ŋ	S T R V N	S T R V N	135
Raum	ruim	r au m	r œy m	R V M	R V M	136
brechen	breken	b r ɛ x ə n	b r eː k ə	P R V K V N	P R V K V	137
Bruch	broek	b r ʊ x	b r uː k	P R V K	P R V K	415
Wucher	woeker	v uː x ə r	ʋ uː k ə r	W V K V R	W V K V R	138
Otter	adder	ɔ t ə r	ɑ d ə r	V T V R	V T V R	139
Saum	zoom	z au m	z oː m	S V M	S V M	140
Leiche	lijk	l ai x ə	l ɛɪ k	R V K V	R V K	141
Bann	ban	b a n	b ɑ n	P V N	P V N	142
Spange	spang	ʃ p a ŋ ə	s p ɑ ŋ	S P V N V	S P V N	143
leuchten	lichten	l ɔy x t ə n	l ɪ x t ə	R V K T V N	R V K T V	144
handeln	handelen	h a n d ə l n	h ɑ n d ə l ə	H V N T V R N	H V N T V R V	145
Knopf	knoop	k n ɔ pf	k n oː p	K N V P	K N V P	147
stehen	staan	ʃ t eː ə n	s t aː n	S T V V N	S T V N	148
bieten	bieden	b iː t ə n	b iː d ə	P V T V N	P V T V	149
Donner	donder	d ɔ n ə r	d ɔ n d ə r	T V N V R	T V N T V R	150
Schaum	schuim	ʃ au m	s x œy m	S V M	S K V M	151
klimmen	klimmen	k l ɪ m ə n	k l ɪ m ə	K R V M V N	K R V M V	152
Garn	garen	ɡ a r n	x aː r ə	K V R N	K V R V	154
hinken	hinken	h ɪ ŋ k ə n	h ɪ ŋ k ə	H V N K V N	H V N K V	158
Tat	daad	t aː t	d aː t	T V T	T V T	159
binden	binden	b ɪ n d ə n	b ɪ n d ə	P V N T V N	P V N T V	160
Deichsel	dissel	d ai k s ə l	d ɪ s ə l	T V K S V R	T V S V R	161
Schulter	schouder	ʃ ʊ l t ə r	s x ɑu d ə r	S V R T V R	S K V T V R	162
Qual	kwaal	kv aː l	kʋ aː l	K V R	K V R	165
ein	een	ai n	eː n	V N	V N	166
Rad	rad	r aː t	r ɑ t	R V T	R V T	168
Dorf	dorp	d ɔ r f	d ɔ r p	T V R P	T V R P	169
leben	leven	l eː b ə n	l eː v ə	R V P V N	R V W V	170
Gift	gift	ɡ ɪ f t	x ɪ f t	K V P T	K V P T	171
Horn	hoorn	h ɔ r n	h oː r n	H V R N	H V R N	172
Nabe	naaf	n aː b ə	n aː f	N V P V	N V P	173
Helm	helm	h ɛ l m	h ɛ l m	H V R M	H V R M	174
Wagen	wagen	v aː ɡ ə n	ʋ aː ɣ ə	W V K V N	W V K V	175
beide	beide	b ai d ə	b ɛɪ d ə	P V T V	P V T V	176
Melde	melde	m ɛ l d ə	m ɛ l d ə	M V R T V	M V R T V	177
Dieb	dief	d iː p	d iː f	T V P	T V P	179
waten	waden	v aː t ə n	ʋ aː d ə	W V T V N	W V T V	180
Wetter	weder	v ɛ t ə r	ʋ eː d ə r	W V T V R	W V T V R	181
Laub	loof	l au p	l oː f	R V P	R V P	182
Milch	melk	m ɪ l x	m ɛ l k	M V R K	M V R K	183
Sturm	storm	ʃ t ʊ r m	s t ɔ r m	S T V R M	S T V R M	184
Waffe	wapen	v a f ə	ʋ aː p ə	W V P V	W V P V	185
Lob	lof	l oː p	l ɔ f	R V P	R V P	187
Ochse	os	ɔ k s ə	ɔ s	V K S V	V S	188
Sohn	zoon	z oː n	z oː n	S V N	S V N	190
wachsen	wassen	v a k s ə n	ʋ ɑ s ə	W V K S V N	W V S V	191
Feld	veld	f ɛ l t	v ɛ l t	P V R T	W V R T	192
Wald	woud	v a l t	ʋ ɑu t	W V R T	W V T	193
Rauch	rook	r au x	r oː k	R V K	R V K	194
Auerochse	oeros	au ə r ɔ k s ə	uː r ɔ s	V V R V K S V	V R V S	195
Ding	ding	d ɪ ŋ	d ɪ ŋ	T V N	T V N	196
Mut	moed	m uː t	m uː t	M V T	M V T	197
Schaufel	schoffel	ʃ au f ə l	s x ɔ f ə l	S V P V R	S K V P V R	198
Rand	rand	r a n t	r ɑ n t	R V N T	R V N T	200
strecken	strekken	ʃ t r ɛ k ə n	s t r ɛ k ə	S T R V K V N	S T R V K V	201
Rost	roest	r ɔ s t	r uː s t	R V S T	R V S T	202
Stange	stang	ʃ t a ŋ ə	s t ɑ ŋ	S T V N V	S T V N	203
Trank	drank	t r a ŋ k	d r ɑ ŋ k	T R V N K	T R V N K	204
Galle	gal	ɡ a l ə	x ɑ l	K V R V	K V R	205
geben	geven	ɡ eː b ə n	x eː v ə	K V P V N	K V W V	206
Hag	haag	h aː k	h aː x	H V K	H V K	207
Monat	maand	m oː n aː t	m aː n t	M V N V T	M V N T	208
Teig	deeg	t ai k	d eː x	T V K	T V K	209
werden	worden	v eː r d ə n	ʋ ɔ r d ə	W V R T V N	W V R T V	210
Knecht	knecht	k n ɛ x t	k n ɛ x t	K N V K T	K N V K T	211
Aal	aal	aː l	aː l	V R	V R	212
Volk	volk	f ɔ l k	v ɔ l k	P V R K	W V R K	213
Tag	dag	t aː k	d ɑ x	T V K	T V K	214
Lauch	look	l au x	l uː k	R V K	R V K	215
Gras	gras	ɡ r aː s	x r ɑ s	K R V S	K R V S	216
Wirt	waard	v ɪ r t	ʋ aː r t	W V R T	W V R T	217
Brand	brand	b r a n t	b r ɑ n t	P R V N T	P R V N T	218
sein	zijn	z ai n	z ɛɪ n	S V N	S V N	219
Bach	beek	b a x	b eː k	P V K	P V K	220
weisen	wijzen	v ai z ə n	ʋ ɛɪ z ə	W V S V N	W V S V	221
Heu	hooi	h ɔy	h oː j	H V	H V J	222
Boden	bodem	b oː d ə n	b oː d ə m	P V T V N	P V T V M	224
Ort	oord	ɔ r t	oː r t	V R T	V R T	225
rufen	roepen	r uː f ə n	r uː p ə	R V P V N	R V P V	226
Stimme	stem	ʃ t ɪ m ə	s t ɛ m	S T V M V	S T V M	227
Joch	juk	j ɔ x	j ʉ k	J V K	J V K	228
sparen	sparen	ʃ p aː r ə n	s p aː r ə	S P V R V N	S P V R V	229
Leib	lijf	l ai p	l ɛɪ f	R V P	R V P	230
Reiher	reiger	r ai ə r	r ɛɪ ɣ ə r	R V V R	R V K V R	231
Stall	stal	ʃ t a l	s t ɑ l	S T V R	S T V R	232
Wachs	was	v a k s	ʋ ɑ s	W V K S	W V S	233
Heer	heer	h eː r	h eː r	H V R	H V R	234
Blut	bloed	b l uː t	b l uː t	P R V T	P R V T	235
zehn	tien	ts eː n	t iː n	K V N	T V N	237
werben	werven	v ɛ r b ə n	ʋ ɛ r v ə	W V R P V N	W V R W V	238
Jugend	jeugd	j uː ɡ ə n t	j øː x t	J V K V N T	J V K T	239
zwingen	dwingen	ts v ɪ ŋ ə n	d ʋ ɪ ŋ ə	K W V N V N	T W V N V	240
Regenbogen	regenboog	r eː ɡ ə n b oː ɡ ə n	r eː ɣ ə m b oː x	R V K V N P V K V N	R V K V M P V K	241
Kropf	krop	k r ɔ pf	k r ɔ p	K R V P	K R V P	242
triefen	druipen	t r iː f ə n	d r œy p ə	T R V P V N	T R V P V	243
Futter	voer	f ʊ t ə r	v uː r	P V T V R	W V R	244
Lunge	long	l ʊ ŋ ə	l ɔ ŋ	R V N V	R V N	245
Dill	dille	d/t ɪ l	d ɪ l ə	T V R	T V R V	246
winden	winden	v ɪ n d ə n	ʋ ɪ n d ə	W V N T V N	W V N T V	247
Lehm	leem	l eː m	l eː m	R V M	R V M	248
Knie	knie	k n iː	k n iː	K N V	K N V	249
Vater	vader	f aː t ə r	v aː d ə r	P V T V R	W V T V R	250
Magd	maagd	m aː g d	m aː x t	M V K T	M V K T	251
Rahm	room	r aː m	r oː m	R V M	R V M	252
lassen	laten	l a s ə n	l aː t ə	R V S V N	R V T V	253
frieren	vriezen	f r iː r ə n	v r iː z ə	P R V R V N	W R V S V	254
biegen	buigen	b iː ɡ ə n	b œy ɣ ə	P V K V N	P V K V	255
Blech	blik	b l ɛ x	b l ɪ k	P R V K	P R V K	256
Buch	boek	b uː x	b uː k	P V K	P V K	257
Segel	zeil	z eː ɡ ə l	z ɛɪ l	S V K V R	S V R	258
Leine	lijn	l ai n ə	l ɛɪ n	R V N V	R V N	259
Schatz	schat	ʃ a ts	s x ɑ t	S V K	S K V T	260
Dach	dak	d a x	d ɑ k	T V K	T V K	261
Furche	voor	f ʊ r x ə	v oː r	P V R K V	W V R	262
Zeit	tijd	ts ai t	t ɛɪ t	K V T	T V T	263
Hafer	haver	h aː f ə r	h aː v ə r	H V P V R	H V W V R	266
Floh	vlo	f l oː	v l oː	P R V	W R V	267
Saft	sap	z a f t	s ɑ p	S V P T	S V P	268
Zecke	teek	ts ɛ k ə	t eː k	K V K V	T V K	269
schwimmen	zwemmen	ʃ v ɪ m ə n	z ʋ ɛ m ə	S W V M V N	S W V M V	270
Malz	mout	m a l ts	m ɑu t	M V R K	M V T	271
kauen	kauwen	k au ə n	k ɑu ʋ ə	K V V N	K V W V	272
ringen	wringen	r ɪ ŋ ə n	ʋ r ɪ ŋ ə	R V N V N	W R V N V	273
waschen	wassen	v a ʃ ə n	ʋ ɑ s ə	W V S V N	W V S V	274
Hagel	hagel	h aː ɡ ə l	h aː ɣ ə l	H V K V R	H V K V R	275
dringen	dringen	d r ɪ ŋ ə n	d r ɪ ŋ ə	T R V N V N	T R V N V	276
Ofen	oven	oː f ə n	oː v ə	V P V N	V W V	277
Watt	wad	v a t	ʋ ɑ t	W V T	W V T	278
Neffe	neef	n ɛ f ə	n eː f	N V P V	N V P	279
Jahr	jaar	j aː r	j aː r	J V R	J V R	280
Speck	spek	ʃ p ɛ k	s p ɛ k	S P V K	S P V K	281
Fleisch	vlees	f l ai ʃ	v l eː s	P R V S	W R V S	282
Bauer	boer	b au ə r	b uː r	P V V R	P V R	283
Bein	been	b ai n	b eː n	P V N	P V N	284
wachen	waken	v a x ə n	ʋ aː k ə	W V K V N	W V K V	285
wehen	waaien	v eː ə n	ʋ aː j ə	W V V N	W V J V	286
Laster	laster	l a s t ə r	l ɑ s t ə r	R V S T V R	R V S T V R	287
Wunder	wonder	v ʊ n d ə r	ʋ ɔ n d ə r	W V N T V R	W V N T V R	288
Schwester	zuster	ʃ v ɛ s t ə r	z ʉ s t ə r	S W V S T V R	S V S T V R	289
Schnee	sneeuw	ʃ n eː	s n eː ʋ	S N V	S N V W	290
lachen	lachen	l a x ə n	l ɑ x ə	R V K V N	R V K V	291
Maul	muil	m au l	m œy l	M V R	M V R	292
Regen	regen	r eː ɡ ə n	r eː ɣ ə	R V K V N	R V K V	293
Himmel	hemel	h ɪ m ə l	h eː m ə l	H V M V R	H V M V R	294
Schwein	zwijn	ʃ v ai n	z ʋ ɛɪ n	S W V N	S W V N	295
Teil	deel	t ai l	d eː l	T V R	T V R	297
Gold	goud	ɡ ɔ l t	x ɑu t	K V R T	K V T	298
Kuh	koe	k uː	k uː	K V	K V	299
Sorge	zorg	z ɔ r ɡ ə	z ɔ r x	S V R K V	S V R K	301
drehen	draaien	d r eː ə n	d r aː j ə	T R V V N	T R V J V	302
fliegen	vliegen	f l iː ɡ ə n	v l iː ɣ ə	P R V K V N	W R V K V	304
Sitte	zede	z ɪ t ə	z eː d ə	S V T V	S V T V	305
Scheide	schede	ʃ ai d ə	s x eː d ə	S V T V	S K V T V	306
Widder	weder	v ɪ d ə r	ʋ eː d ə r	W V T V R	W V T V R	307
Nebel	nevel	n eː b ə l	n eː v ə l	N V P V R	N V W V R	308
Wurm	worm	v ʊ r m	ʋ ɔ r m	W V R M	W V R M	309
Wasser	water	v a s ə r	ʋ aː t ə r	W V S V R	W V T V R	310
brauchen	gebruiken	b r au x ə n	x ə b r œy k ə	P R V K V N	K V P R V K V	311
gelten	gelden	ɡ ɛ l t ə n	x ɛ l d ə	K V R T V N	K V R T V	312
holen	halen	h oː l ə n	h aː l ə	H V R V N	H V R V	313
schlagen	slaan	ʃ l aː ɡ ə n	s l aː n	S R V K V N	S R V N	314
Locke	lok	l ɔ k ə	l ɔ k	R V K V	R V K	315
beginnen	beginnen	b ə ɡ ɪ n ə n	b ə ɣ ɪ n ə	P V K V N V N	P V K V N V	316
Brot	brood	b r oː t	b r oː t	P R V T	P R V T	317
sechs	zes	z ɛ k s	z ɛ s	S V K S	S V S	318
Nacken	nek	n a k ə n	n ɛ k	N V K V N	N V K	319
stechen	steken	ʃ t ɛ x ə n	s t eː k ə	S T V K V N	S T V K V	320
Warze	wrat	v a r ts ə	ʋ r ɑ t	W V R K V	W R V T	321
Bart	baard	b aː r t	b aː r t	P V R T	P V R T	322
Barsch	baars	b aː r ʃ	b aː r s	P V R S	P V R S	323
Tal	dal	t aː l	d ɑ l	T V R	T V R	324
Zahl	taal	ts aː l	t aː l	K V R	T V R	325
sitzen	zitten	z ɪ ts ə n	z ɪ t ə	S V K V N	S V T V	326
Igel	egel	iː ɡ ə l	eː ɣ ə l	V K V R	V K V R	329
Zange	tang	ts a ŋ ə	t ɑ ŋ	K V N V	T V N	330
schneiden	snijden	ʃ n ai d ə n	s n ɛɪ d ə	S N V T V N	S N V T V	331
Felge	velg	f ɛ l ɡ ə	v ɛ l x	P V R K V	W V R K	332
Salz	zout	z a l ts	z ɑu t	S V R K	S V T	333
Scheibe	schijf	ʃ ai b ə	s x ɛɪ f	S V P V	S K V P	335
messen	meten	m ɛ s ə n	m eː t ə	M V S V N	M V T V	336
fliehen	vlieden	f l iː ə n	v l iː d ə	P R V V N	W R V T V	337
Sparren	spar	ʃ p a r ə n	s p ɑ r	S P V R V N	S P V R	338
Hure	hoer	h uː r ə	h uː r	H V R V	H V R	339
Tugend	deugd	t uː ɡ ə n t	d øː x t	T V K V N T	T V K T	340
treiben	drijven	t r ai b ə n	d r ɛɪ v ə	T R V P V N	T R V W V	341
Kitt	kit	k ɪ t	k ɪ t	K V T	K V T	342
halten	houden	h a l t ə n	h ɑu d ə	H V R T V N	H V T V	343
Stroh	stro	ʃ t r oː	s t r oː	S T R V	S T R V	344
Zucht	tucht	ts ʊ x t	t ʉ x t	K V K T	T V K T	345
Fisch	vis	f ɪ ʃ	v ɪ s	P V S	W V S	346
wehren	weren	v eː r ə n	ʋ eː r ə	W V R V N	W V R V	348
Weide	weide	v ai d ə	ʋ ɛɪ d ə	W V T V	W V T V	349
Diele	deel	d iː l ə	d eː l	T V R V	T V R	350
Wespe	wesp	v ɛ s p ə	ʋ ɛ s p	W V S P V	W V S P	351
Schwalbe	zwaluw	ʃ v a l b ə	z ʋ aː l yː ʋ	S W V R P V	S W V R V W	352
schauen	schouwen	ʃ au ə n	s x ɑu ʋ ə	S V V N	S K V W V	353
weihen	wijden	v ai ə n	ʋ ɛɪ d ə	W V V N	W V T V	354
Gans	gans	ɡ a n s	x ɑ n s	K V N S	K V N S	355
beugen	buigen	b ɔy ɡ ə n	b œy ɣ ə	P V K V N	P V K V	356
Bord	bord	b ɔ r d/t	b ɔ r t	P V R T	P V R T	357
Reif	rijp	r ai f	r ɛɪ p	R V P	R V P	358
taufen	dopen	t au f ə n	d oː p ə	T V P V N	T V P V	359
Bad	bad	b aː d	b ɑ t	P V T	P V T	360
fasten	vasten	f a s t ə n	v ɑ s t ə	P V S T V N	W V S T V	361
Westen	westen	v ɛ s t ə n	ʋ ɛ s t ə	W V S T V N	W V S T V	362
Seele	ziel	z eː l ə	z iː l	S V R V	S V R	363
Lust	lust	l ʊ s t	l ʉ s t	R V S T	R V S T	364
essen	eten	ɛ s ə n	eː t ə	V S V N	V T V	365
haben	hebben	h aː b ə n	h ɛ b ə	H V P V N	H V P V	366
Band	band	b a n d	b ɛ n t	P V N T	P V N T	367
Haar	haar	h aː r	h aː r	H V R	H V R	368
dreschen	dorsen	d r ɛ ʃ ə n	d ɔ r s ə	T R V S V N	T V R S V	370
Land	land	l a n t	l ɑ n t	R V N T	R V N T	371
spannen	spannen	ʃ p a n ə n	s p ɑ n ə	S P V N V N	S P V N V	372
Strom	stroom	ʃ t r oː m	s t r oː m	S T R V M	S T R V M	373
saufen	zuipen	z au f ə n	z œy p ə	S V P V N	S V P V	374
Schaf	schaap	ʃ aː f	s x aː p	S V P	S K V P	375
richten	richten	r ɪ x t ə n	r ɪ x t ə	R V K T V N	R V K T V	376
Wechsel	wissel	v ɛ k s ə l	ʋ ɪ s ə l	W V K S V R	W V S V R	377
senden	zenden	z ɛ n d ə n	z ɛ n d ə	S V N T V N	S V N T V	378
Ruck	ruk	r ʊ k	r ʉ k	R V K	R V K	379
Zaum	toom	ts au m	t oː m	K V M	T V M	380
verlieren	verliezen	f ɛ r l iː r ə n	v ə r l iː z ə	P V R R V R V N	W V R R V S V	381
stillen	stillen	ʃ t ɪ l ə n	s t ɪ l ə	S T V R V N	S T V R V	382
scheinen	schijnen	ʃ ai n ə n	s x ɛɪ n ə	S V N V N	S K V N V	383
Stab	staf	ʃ t aː p	s t ɑ f	S T V P	S T V P	384
Dirne	deern	d ɪ r n ə	d eː r n	T V R N V	T V R N	385
Flut	vloed	f l uː t	v l uː t	P R V T	W R V T	386
Stein	steen	ʃ t ai n	s t eː n	S T V N	S T V N	387
Bogen	boog	b oː ɡ ə n	b oː x	P V K V N	P V K	388
List	list	l ɪ s t	l ɪ s t	R V S T	R V S T	389
scheren	scheren	ʃ eː r ə n	s x eː r ə	S V R V N	S K V R V	390
backen	bakken	b a k ə n	b ɑ k ə	P V K V N	P V K V	391
Wange	wang	v a ŋ ə	ʋ ɑ ŋ	W V N V	W V N	392
Leiste	lijst	l ai s t ə	l ɛɪ s t	R V S T V	R V S T	393
schieben	schuiven	ʃ iː b ə n	s x œy v ə	S V P V N	S K V W V	394
helfen	helpen	h ɛ l f ə n	h ɛ l p ə	H V R P V N	H V R P V	395
bitten	bidden	b ɪ t ə n	b ɪ d ə	P V T V N	P V T V	397
machen	maken	m a x ə n	m aː k ə	M V K V N	M V K V	398
Sucht	zucht	z ʊ x t	z ʉ x t	S V K T	S V K T	399
Roggen	rogge	r ɔ ɡ ə n	r ɔ ɣ ə	R V K V N	R V K V	400
Held	held	h ɛ l t	h ɛ l t	H V R T	H V R T	401
riechen	ruiken	r iː x ə n	r œy k ə	R V K V N	R V K V	402
Lende	lende	l ɛ n d ə	l ɛ n d ə	R V N T V	R V N T V	403
Sprosse	sport	ʃ p r ɔ s ə	s p ɔ r t	S P R V S V	S P V R T	404
Glut	gloed	ɡ l uː t	x l uː t	K R V T	K R V T	405
Wolle	wol	v ɔ l ə	ʋ ɔ l	W V R V	W V R	407
See	zee	z eː	z eː	S V	S V	408
Wiesel	wezel	v iː z ə l	ʋ eː z ə l	W V S V R	W V S V R	409
Riemen	riem	r iː m ə n	r iː m	R V M V N	R V M	410
saugen	zuigen	z au ɡ ə n	z œy ɣ ə	S V K V N	S V K V	411
spreiten	spreiden	ʃ p r ai t ə n	s p r ɛɪ d ə	S P R V T V N	S P R V T V	412
Kraft	kracht	k r a f t	k r ɑ x t	K R V P T	K R V K T	413
Herd	haard	h eː r t	h aː r t	H V R T	H V R T	414
Tau	dauw	t au	d ɑu ʋ	T V	T V W	416
kleben	kleven	k l eː b ə n	k l eː v ə	K R V P V N	K R V W V	417
Wolf	wolf	v ɔ l f	ʋ ɔ l f	W V R P	W V R P	418
Herbst	herfst	h ɛ r p s t	h ɛ r f s t	H V R P S T	H V R P S T	419
bergen	bergen	b ɛ r ɡ ə n	b ɛ r ɣ ə	P V R K V N	P V R K V	420
Saal	zaal	z aː l	z aː l	S V R	S V R	421
Nacht	nacht	n a x t	n ɑ x t	N V K T	N V K T	422
Rede	rede	r eː d ə	r eː d ə	R V T V	R V T V	423
Atem	adem	aː t ə m	aː d ə m	V T V M	V T V M	424
Lappen	lap	l a p ə n	l ɑ p	R V P V N	R V P	426
Welt	wereld	v ɛ l t	ʋ eː r ə l t	W V R T	W V R V R T	427
werfen	werpen	v ɛ r f ə n	ʋ ɛ r p ə	W V R P V N	W V R P V	428
Luft	lucht	l ʊ f t	l ʉ x t	R V P T	R V K T	429
singen	zingen	z ɪ ŋ ə n	z ɪ ŋ ə	S V N V N	S V N V	430
nehmen	nemen	n eː m ə n	n eː m ə	N V M V N	N V M V	431
Macht	macht	m a x t	m ɑ x t	M V K T	M V K T	432
Nagel	nagel	n aː ɡ ə l	n aː ɣ ə l	N V K V R	N V K V R	433
tun	doen	t uː n	d uː n	T V N	T V N	434
Feuer	vuur	f ɔy ə r	v yː r	P V V R	W V R	435
Zeichen	teken	ts ai x ə n	t eː k ə	K V K V N	T V K V	436
lecken	likken	l ɛ k ə n	l ɪ k ə	R V K V N	R V K V	438
schleifen	slijpen	ʃ l ai f ə n	s l ɛɪ p ə	S R V P V N	S R V P V	439
Schande	schande	ʃ a n d ə	s x ɑ n d ə	S V N T V	S K V N T V	440
sengen	zengen	z ɛ ŋ ə n	z ɛ ŋ ə	S V N V N	S V N V	441
pflegen	plegen	pf l eː ɡ ə n	p l eː ɣ ə	P R V K V N	P R V K V	442
Gast	gast	ɡ a s t	x ɑ s t	K V S T	K V S T	443
Mutter	moeder	m ʊ t ə r	m uː d ə r	M V T V R	M V T V R	444
Hof	hof	h oː f	h ɔ f	H V P	H V P	445
Stamm	stam	ʃ t a m	s t ɑ m	S T V M	S T V M	446
Bast	bast	b a s t	b ɑ s t	P V S T	P V S T	448
Luchs	los	l ʊ k s	l ɔ s	R V K S	R V S	449
Lid	lid	l iː t	l ɪ t	R V T	R V T	450
flechten	vlechten	f l ɛ x t ə n	v l ɛ x t ə	P R V K T V N	W R V K T V	451
raten	raden	r aː t ə n	r aː d ɛ n	R V T V N	R V T V N	452
bringen	brengen	b r ɪ ŋ ə n	b r ɛ ŋ ə	P R V N V N	P R V N V	453
sondern	afzonderen	z ɔ n d ə r n	ɑ f s ɔ n d ə r ə	S V N T V R N	V P S V N T V R V	454
Dorn	doorn	d ɔ r n	d oː r n	T V R N	T V R N	455
wollen	willen	v ɔ l ə n	ʋ ɪ l ə	W V R V N	W V R V	456
schlafen	slapen	ʃ l aː f ə n	s l aː p ə	S R V P V N	S R V P V	457
Ruder	roer	r uː d ə r	r uː r	R V T V R	R V R	458
Zunge	tong	ts ʊ ŋ ə	t ɔ ŋ	K V N V	T V N	459
Kamm	kam	k a m	k ɑ m	K V M	K V M	460
treten	treden	t r eː t ə n	t r eː d ə	T R V T V N	T R V T V	461
Balg	balg	b a l k	b ɑ l x	P V R K	P V R K	462
Freund	vriend	f r ɔy n t	v r iː n t	P R V N T	W R V N T	463
Wolke	wolk	v ɔ l k ə	ʋ ɔ l k	W V R K V	W V R K	464
hehlen	helen	h eː l ə n	h eː l ə	H V R V N	H V R V	465
Finger	vinger	f ɪ ŋ ə r	v ɪ ŋ ə r	P V N V R	W V N V R	466
lehren	leren	l eː r ə n	l eː r ə	R V R V N	R V R V	467
Specht	specht	ʃ p ɛ x t	s p ɛ x t	S P V K T	S P V K T	468
Mast	mast	m a s t	m ɑ s t	M V S T	M V S T	469
Distel	distel	d ɪ s t ə l	d ɪ s t ə l	T V S T V R	T V S T V R	470
schenken	schenken	ʃ ɛ ŋ k ə n	s x ɛ ŋ k ə	S V N K V N	S K V N K V	471
Zehe	teen	ts eː ə	t eː n	K V V	T V N	472
Linde	linde	l ɪ n d ə	l ɪ n d ə	R V N T V	R V N T V	473
Rahmen	raam	r aː m ə n	r aː m	R V M V N	R V M	474
Nase	neus	n aː z ə	n øː s	N V S V	N V S	475
Reh	ree	r eː	r eː	R V	R V	476
Zaun	tuin	ts au n	t œy n	K V N	T V N	477
leiten	leiden	l ai t ə n	l ɛɪ d ə	R V T V N	R V T V	478
Sieb	zeef	z iː p	z eː f	S V P	S V P	479
bersten	barsten	b ɛ r s t ə n	b ɑ r s t ə	P V R S T V N	P V R S T V	480
Sonne	zon	z ɔ n ə	z ɔ n	S V N V	S V N	481
finden	vinden	f ɪ n d ə n	v ɪ n d ə	P V N T V N	W V N T V	482
niesen	niezen	n iː z ə n	n iː z ə	N V S V N	N V S V	483
Werft	werf	v ɛ r f t	ʋ ɛ r f	W V R P T	W V R P	484
Brust	borst	b r ʊ s t	b ɔ r s t	P R V S T	P V R S T	485
Mistel	mistel	m ɪ s t ə l	m ɪ s t ə l	M V S T V R	M V S T V R	486
Schnur	snoer	ʃ n uː r	s n uː r	S N V R	S N V R	487
Halle	hal	h a l ə	h ɑ l	H V R V	H V R	488
Weile	wijl	v ai l ə	ʋ ɛɪ l	W V R V	W V R	489
leiden	lijden	l ai d ə n	l ɛɪ d ə	R V T V N	R V T V	490
Raub	roof	r au p	r oː f	R V P	R V P	491
Habicht	havik	h aː b ɪ x t	h aː v ɪ k	H V P V K T	H V W V K	492
Fell	vel	f ɛ l	v ɛ l	P V R	W V R	493
Rat	raad	r aː t	r aː t	R V T	R V T	495
Flachs	vlas	f l a k s	v l ɑ s	P R V K S	W R V S	496
schmieren	smeren	ʃ m iː r ə n	s m eː r ə	S M V R V N	S M V R V	497
setzen	zetten	z ɛ ts ə n	z ɛ t ə	S V K V N	S V T V	498
Lohn	loon	l oː n	l oː n	R V N	R V N	499
Laus	luis	l au s	l œy s	R V S	R V S	500
Faust	vuist	f au s t	v œy s t	P V S T	W V S T	501
Vogel	vogel	f oː ɡ ə l	v oː ɣ ə l	P V K V R	W V K V R	502
kneten	kneden	k n eː t ə n	k n eː d ə	K N V T V N	K N V T V	503
fangen	vangen	f a ŋ ə n	v ɑ ŋ ə	P V N V N	W V N V	504
lesen	lezen	l eː z ə n	l eː z ə	R V S V N	R V S V	505
Jammer	jammer	j a m ə r	j ɑ m ə r	J V M V R	J V M V R	506
Antwort	antwoord	a n t v ɔ r t	ɑ n t ʋ oː r t	V N T W V R T	V N T W V R T	507
Biber	bever	b iː b ə r	b eː v ə r	P V P V R	P V W V R	508
Abgott	afgod	a p ɡ ɔ t	ɑ f x ɔ t	V P K V T	V P K V T	509
Schaft	schacht	ʃ a f t	s x ɑ x t	S V P T	S K V K T	510
Buche	beukeboom	b uː x ə	b øː k ə b oː m	P V K V	P V K V P V M	511
Napf	nap	n a pf	n ɑ p	N V P	N V P	512
Sommer	zomer	z ɔ m ə r	z oː m ə r	S V M V R	S V M V R	513
Gott	god	ɡ ɔ t	x ɔ t	K V T	K V T	514
Scholle	schol	ʃ ɔ l ə	s x ɔ l	S V R V	S K V R	515
Weg	weg	v eː k	ʋ ɛ x	W V K	W V K	516
folgen	volgen	f ɔ l ɡ ə n	v ɔ l ɣ ə	P V R K V N	W V R K V	517
Huf	hoef	h uː f	h uː f	H V P	H V P	518
Stuhl	stoel	ʃ t uː l	s t uː l	S T V R	S T V R	519
Seil	zeel	z ai l	z eː l	S V R	S V R	520
Stock	stok	ʃ t ɔ k	s t ɔ k	S T V K	S T V K	521
schwenken	zwenken	ʃ v ɛ ŋ k ə n	z ʋ ɛ ŋ k ə	S W V N K V N	S W V N K V	522
Mist	mest	m ɪ s t	m ɛ s t	M V S T	M V S T	523
Schleim	slijm	ʃ l ai m	s l ɛɪ m	S R V M	S R V M	524
Meineid	meineed	m ai n ai t	m ɛɪ n eː t	M V N V T	M V N V T	525
Binse	bies	b ɪ n z ə	b iː s	P V N S V	P V S	526
dienen	dienen	d iː n ə n	d iː n ə	T V N V N	T V N V	527
spalten	spouwen	ʃ p a l t ə n	s p ɑu ʋ ə	S P V R T V N	S P V W V	528
Mann	man	m a n	m ɑ n	M V N	M V N	529
weben	weven	v eː b ə n	ʋ eː v ə	W V P V N	W V W V	530
